doc_id,description,hs_code,folder
1.pdf,Outlet Data (Metal Black),8536,1
1.pdf,Outlet TV & Data (Metal Blac k),8536,1
1.pdf,Outlet Telepon & Data (Meta l Black),8536,1
1.pdf,Stop Kontak Multi-standard Dan Stop Kontak 2 Pin(Metal Black),8536,1
1.pdf,Stop Kontak Multistandard D engan USB A+C(Metal Black),8536,1
1.pdf,16A Sakelar Kartu Akses RFI D(Metal Black),8536,1
1.pdf,Outlet Alat Cukur (Metal Blac k),8536,1
1.pdf,Sakelar 3 Tombol 2 Arah,8536,1
1.pdf,Sakelar 1 Tombol Intermedi ate(Smoky Grey),8536,1
1.pdf,Sakelar 3 Tombol 2 Arah (S moky Grey),8536,1
1.pdf,Bingkai saklar 1-warna putih(Smoky Grey),7326,1
1.pdf,Bingkai saklar 3-warna putih(Smoky Grey),7326,1
1.pdf,Bingkai Saklar 4-warna Putih(Smoky Grey),7326,1
1.pdf,Bingkai saklar 5-warna putih(Smoky Grey),7326,1
1.pdf,Saklar 1-Tombol 1-Arah (Smoky Grey),8536,1
1.pdf,Saklar 1-Tombol 2-Arah (Smoky Grey),8536,1
1.pdf,Saklar 2-Tombol 1-Arah (Smoky Grey),8536,1
1.pdf,Saklar 2-Tombol 2-Arah (Smoky Grey),8536,1
1.pdf,Sakelar 2 Tombol 1 Arah (S moky Grey),8536,1
1.pdf,Outlet TV (Smoky Grey),8536,1
1.pdf,Outlet Data Cat.6 RJ45 (Sm oky Grey),8536,1
1.pdf,Bingkai Untuk 1-tombol,7326,1
1.pdf,Sakelar 1 Tombol 2 Arah (Me tal Black),8536,1
1.pdf,Sakelar 1 Tombol Intermedi ate(Metal Black),8536,1
1.pdf,Sakelar 2 Tombol 1 Arah (Me tal Black),8536,1
1.pdf,Sakelar 2 Tombol 2 Arah (Me tal Black),8536,1
1.pdf,Sakelar 3 Tombol 1 Arah (Me tal Black),8536,1
1.pdf,Sakelar 3 Tombol 2 Arah (Me tal Black),8536,1
1.pdf,Sakelar 4 Tombol 1 Arah (Me tal Black),8536,1
1.pdf,Sakelar 2 Tombol 1 Arah,8536,1
1.pdf,Sakelar 4 Tombol 2 Arah (Me tal Black),8536,1
1.pdf,Sakelar Bell (Metal Black),8536,1
1.pdf,Stop Kontak Saklar (Metal Bl ack),8536,1
1.pdf,Stop Kontak Universal Denga n Sakelar(Metal Black),8536,1
1.pdf,etal Black),8536,1
1.pdf,Peredup Lampu (Dimmer) 20 0W (Metal Black),8536,1
1.pdf,Sakelar Pengatur Kipas Angi n 200W(Metal Black),8536,1
1.pdf,Outlet TV (Metal Black),8536,1
1.pdf,Outlet Telepon RJ11 (Metal Black),8536,1
1.pdf,Outlet Data Cat.6 (Metal Blac k),8536,1
1.pdf,Sakelar 3 Tombol 1 Arah,8536,1
1.pdf,Bingkai Saklar 3-warna Putih(Graphite Black),7326,1
1.pdf,Bingkai Saklar 4-warna Putih(Graphite Black),7326,1
1.pdf,Bingkai Saklar 5-warna Putih(Graphite Black),7326,1
1.pdf,Saklar 1-Tombol 1-Arah (Graphite Black),8536,1
1.pdf,Saklar 1-Tombol 2-Arah (Graphite Black),8536,1
1.pdf,Saklar 2-Tombol 1-Arah (Graphite Black),8536,1
1.pdf,Saklar 2-Tombol 2-Arah (Graphite Black),8536,1
1.pdf,Sakelar 4 Tombol 1 Arah (S moky Grey),8536,1
1.pdf,Saklar 3-Tombol 1-Arah (Graphite Black),8536,1
1.pdf,Saklar 3-Tombol 2-Arah (Graphite Black),8536,1
1.pdf,Saklar 4-Tombol 1-Arah (Graphite Black),8536,1
1.pdf,Stop Kontak Tipe Schuko (Gr aphite Black),8536,1
1.pdf,Stop Kontak Saklar (Graphite Black),8536,1
1.pdf,Stop Kontak Universal Denga n Sakelar(Graphite Black),8536,1
1.pdf,Outlet TV (Graphite Black),8536,1
1.pdf,Outlet Data Cat.6 RJ45(Grap hite Black),8536,1
1.pdf,Saklar 1-Tombol 1-Arah (Metal)(Brushed Grey),8536,1
1.pdf,Stop Kontak Tipe Schuko (M etal Black),8536,1
1.pdf,Sakelar Peredup Lampu (Dim mer) 200W(Metal Black),8536,1
1.pdf,Sakelar Pengatur Kipas Angi n 200W (Metal Black),8536,1
1.pdf,Stop Kontak Tipe Schuko (M etal)(Brushed Grey),8536,1
1.pdf,Outlet Data (Metal) (Brushed Grey),8536,1
1.pdf,Saklar 3-Tombol 1-Arah (GEM)(Diamond Grey),8536,1
1.pdf,Stop Kontak Tipe Schuko (G EM)(Diamond Grey),8536,1
1.pdf,Saklar 1-Tombol 1-Arah (Matt Champagne),8536,1
1.pdf,Plat Penutup,7326,1
1.pdf,Sakelar Pengatur Kipas Angi n 200W(Smoky Grey),8536,1
1.pdf,ey),3926,1
1.pdf,Bingkai Sakelar 1,3926,1
1.pdf,Bingkai untuk 1-tombol (Matt Champagne),7326,1
1.pdf,Saklar 1-Tombol Intermediate(Graphit e Black),8536,1
1.pdf,Stop Kontak Multi-standard dan Stop Kontak 2 Pin(Smoky Grey),8536,1
1.pdf,Stop Kontak Multi-standard Dan Stop Kontak 2 Pin(Matt Champagne),8536,1
1.pdf,Stop Kontak Multi-standard dan Stop Kontak 2 Pin,8536,1
1.pdf,Stop Kontak Saklar Internasi onal 10A(Graphite Black),8536,1
1.pdf,Stop Kontak Saklar Internasi onal 10A(Smoky Grey),8536,1
1.pdf,Stop Kontak Saklar Internasi onal 10A,8536,1
1.pdf,Sakelar Pengatur Kipas Angi n 200W(Graphite Black),8536,1
1.pdf,Sakelar Pengatur Kipas Angi n 200W(Matt Champagne),8536,1
1.pdf,Sakelar Peredup Lampu (Dim mer) 200W(Matt Champagne),8536,1
1.pdf,Saklar 3-Tombol 1-Arah (Matt Champagne),8536,1
1.pdf,Sakelar 3 Tombol 2 Arah (Ma tt Champagne),8536,1
1.pdf,Saklar 3-Tombol 1-Arah (Smoky Grey),8536,1
1.pdf,Saklar 3-Tombol 2-Arah (Smoky Grey),8536,1
1.pdf,Saklar 4-Tombol 1-Arah (Smoky Grey),8536,1
1.pdf,Stop Kontak tipe Schuko (Sm oky Grey),8536,1
1.pdf,Bingkai Saklar 2-warna Putih,7326,1
1.pdf,Bingkai saklar 3-warna putih,7326,1
1.pdf,Bingkai saklar 5-warna putih,7326,1
1.pdf,Saklar 1-Tombol 1-Arah,8536,1
1.pdf,Saklar 1-Tombol 2-Arah,8536,1
1.pdf,Saklar 2-Tombol 1-Arah,8536,1
1.pdf,Saklar 2-Tombol 2-Arah,8536,1
1.pdf,Saklar 3-Tombol 1-Arah,8536,1
1.pdf,Saklar 4-Tombol 1-Arah,8536,1
1.pdf,Stop Kontak tipe Schuko,8536,1
1.pdf,Stop kontak universal denga n sakelar,8536,1
1.pdf,Outlet TV,8536,1
1.pdf,Sakelar 3 Tombol 1 Arah (S moky Grey),8536,1
1.pdf,Outlet Data Cat.6 RJ45,8536,1
1.pdf,Bingkai Untuk 1-tombol (Graphite Black),7326,1
1.pdf,Bingkai Saklar 2-warna Putih(Graphite Black),7326,1
1.pdf,Bingkai Sakelar 3 (Graphite Black),3926,1
1.pdf,Stop Kontak Saklar (Metal)(B rushed Grey),8536,1
1.pdf,Stop Kontak Multistandard D engan USB A+C(Smoky Grey),8536,1
1.pdf,Stop Kontak Multistandard D engan USB A+C,8536,1
1.pdf,Outlet Telepon RJ11 (Smoky Grey),8536,1
1.pdf,Stop Kontak Universal Denga n Sakelar (GEM)(Diamond Gr ey),8536,1
1.pdf,Stop Kontak Multistandard D engan USB A+C (Metal)(Fros ted Silver),8536,1
1.pdf,engan USB A+C,8536,1
1.pdf,Stop Kontak Multi Standar D engan USB Ganda(Graphite Black),8536,1
1.pdf,Stop kontak multi standar de ngan USB ganda(Smoky Gre y),8536,1
1.pdf,Stop kontak multi standar de ngan USB ganda,8536,1
1.pdf,86 Type Surface Mounting B ox,3926,1
1.pdf,Schuko Socket Module,8536,1
1.pdf,Outlet Alat Cukur (Graphite Black),8536,1
1.pdf,Pelindung Stop Kontak Anti Air,3926,1
1.pdf,Sakelar 1 Tombol 2 Arah,8536,1
1.pdf,Outlet Data Cat.6 (Smoky Gr ey),8536,1
1.pdf,Bingkai Sakelar 4 (Matt Cha mpagne),3926,1
1.pdf,Penutup Saklar Anti Air,3926,1
1.pdf,Outlet Telepon & Data (GEM)(Diamond Silver),8536,1
1.pdf,Outlet TV & Data (Platinum Silver),8536,1
1.pdf,Plat Penutup (Metal Black),3926,1
1.pdf,Sakelar 1 Tombol 1 Arah (Me tal Black),8536,1
1.pdf,Sakelar 1 Tombol 1 Arah,8536,1
1.pdf,Sakelar 1 Tombol 2 Arah (S moky Grey),8536,1
1.pdf,Outlet TV Dengan Konektor Tipe F(Metal Black),8536,1
1.pdf,Outlet Telepon (Metal Black),8536,1
1.pdf,Sakelar 1 Tombol Intermedia te (Metal Black),8536,1
1.pdf,Sakelar Tekan (momentary) 1 Gang(Metal Black),8536,1
1.pdf,2 Gang(Metal Black),8536,1
1.pdf,Outlet Telepon & Data Cat. 5 e(Metal Black),8536,1
1.pdf,Stop Kontak Saklar Internasi onal 10A(Metal Black),8536,1
1.pdf,Sakelar 1 Tombol 1 Arah (Gr aphite Black),8536,1
1.pdf,Sakelar 1 Tombol 2 Arah (Gr aphite Black),8536,1
1.pdf,Sakelar 1 Tombol Intermedia te(Graphite Black),8536,1
1.pdf,Sakelar 2 Tombol 1 Arah (Gr aphite Black),8536,1
1.pdf,Sakelar 2 Tombol 2 Arah (Gr aphite Black),8536,1
1.pdf,Sakelar 3 Tombol 1 Arah (Gr aphite Black),8536,1
1.pdf,Sakelar 4 Tombol 1 Arah (Gr aphite Black),8536,1
1.pdf,Stop Kontak Universal Denga n Sakelar,8536,1
1.pdf,Sakelar Bell (Graphite Black),8536,1
1.pdf,Outlet Telepon RJ11 (Graphit e Black),8536,1
1.pdf,Sakelar 1 Tombol 1 Arah (N atural Champagne),8536,1
1.pdf,Sakelar 1 Tombol 2 Arah (Na tural Champagne),8536,1
1.pdf,Sakelar 2 Tombol 1 Arah (Na tural Champagne),8536,1
1.pdf,Sakelar Pengatur Kipas Angi n 200W,8536,1
1.pdf,Sakelar 2 Tombol 2 Arah (Na tural Champagne),8536,1
1.pdf,tural Champagne),8536,1
1.pdf,Sakelar 4 Tombol 1 Arah (Na tural Champagne),8536,1
1.pdf,Sakelar 4 Tombol 2 Arah (Na tural Champagne),8536,1
1.pdf,Sakelar Bell (Natural Champa gne),8536,1
1.pdf,Stop Kontak Universal Denga n Sakelar(Natural Champagn e),8536,1
1.pdf,Stop Kontak Tipe Schuko (N atural Champagne),8536,1
1.pdf,Sakelar Pengatur Kipas Angi n 200W(Natural Champagne),8536,1
1.pdf,Outlet TV (Natural Champag ne),8536,1
1.pdf,Outlet Telepon RJ11 (Natur al Champagne),8536,1
1.pdf,Stop Kontak Saklar Internasi onal 10A(Natural Champagn e),8536,1
1.pdf,Inbow Dus,3926,1
1.pdf,Penutup Sakelar Tahan Air,3926,1
1.pdf,Penutup Stopkontak Anti Air,3926,1
1.pdf,Sakelar 1 Tombol Intermedia te,8536,1
1.pdf,Sakelar 2 Tombol 2 Arah (S moky Grey),8536,1
1.pdf,Stop Kontak Universal Denga n Sakelar(Smoky Grey),8536,1
1.pdf,Sakelar Pengatur Kipas Angi n 200W (Smoky Grey),8536,1
1.pdf,Sakelar 1 Tombol Intermedia te (Graphite Black),8536,1
1.pdf,Outlet Telepon RJ11,8536,1
1.pdf,Sakelar 2-Tombol Intermediate(Graphit e Black),8536,1
1.pdf,Sakelar Pengatur Kipas Angi n 200W (Graphite Black),8536,1
2.pdf,Valor LED DL 12W R150 400 0K,9405,2
2.pdf,Duro KC1 black 30D anti-glare frame,9405,2
2.pdf,2 Wires (L-N) Track-2 meters-BK,9405,2
2.pdf,MT36 48V Track Grid Spotlig ht12W4000K24D BK,9405,2
2.pdf,MT36 Recessed Magnetic Tr ack 2meterBK,9405,2
2.pdf,MT36 I shape Power connect or BK,9405,2
2.pdf,Sakelar 2 Tombol 1 Arah (Ma tt Champagne),8536,2
2.pdf,Sakelar 2 Tombol 2 Arah (Ma tt Champagne),8536,2
2.pdf,Stop Kontak tipe Schuko (Ma tt Champagne),8536,2
2.pdf,Kotak Pemasangan Inbow,3926,2
3.pdf,Sakelar 1 Tombol Pintar,8536,3
3.pdf,Sakelar 2 Tombol Pintar,8536,3
3.pdf,Sakelar 3 Tombol Pintar,8536,3
3.pdf,Sakelar 4 Tombol Skenario Pi ntar,8536,3
3.pdf,Sakelar 1 Tombol Peredup Pi ntar,8536,3
3.pdf,Sakelar 2 Tombol Peredup Pi ntar,8536,3
3.pdf,Sakelar 2 Tombol 2 Arah,8536,3
3.pdf,Zigbee to 0-10V converter with Zigbee m odule,9032,3
3.pdf,Simpad plus (Alexa speaker),8536,3
3.pdf,Duro KC1 ivory 30D anti-glare frame,9405,3
3.pdf,MT36 Recessed Magnetic Tr ack 1meterBK,9405,3
3.pdf,Inbowdus,7326,3
3.pdf,Saklar 1-Tombol 1-Arah (GEM),8536,3
3.pdf,Saklar 2-Tombol 1-Arah (GEM),8536,3
3.pdf,Saklar 3-Tombol 1-Arah (GEM),8536,3
3.pdf,Saklar 1-Tombol 2-Arah (GEM),8536,3
3.pdf,Saklar 2-Tombol 2-Arah (GEM),8536,3
3.pdf,Stop Kontak Tipe Schuko (G EM),8536,3
3.pdf,Stop Kontak Schuko Dengan Tipe A+C (GEM),8536,3
3.pdf,Bingkai Sakelar 2,8538,3
3.pdf,Bingkai Sakelar 3,8538,3
3.pdf,Bingkai Sakelar 4,8538,3
4.pdf,SS22 COB 24V Strip 5W/M 3 20L 8mm 3000K,8539,4
5.pdf,Penghubung Perangkat Pinta r,8517,5
7.pdf,Saklar 1 Gang Dimming Terp isah 0-10V(Smoky Grey),8536,7
7.pdf,Saklar 2 Gang Dimming Terp isah 0-10V(Smoky Grey),8536,7
9.pdf,Valor LED G45 3W 3000K,8539,9
9.pdf,Valor LED T80 20W 6500K,8539,9
9.pdf,Valor LED T100 30W 6500K,8539,9
9.pdf,Valor LED T140 50W 6500K,8539,9
9.pdf,Valor LED A70 15W 6500K,8539,9
9.pdf,Valor LED DL 17W R150 650 0K,9405,9
10.pdf,CH16 HV Strip 9W/M-50M 2835-120L 10mm 3000K,8539,10
10.pdf,CH16 Strip Accessory Kit(Wit h EU plug),9405,10
11.pdf,KC1 shining black anti-glare metal frame,9405,11
11.pdf,ond Grey),8536,11
11.pdf,Smart MT36 48V Linear Light 12W BK,9405,11
11.pdf,Smart MT36 48V TRK Penda nt 10W36D BK,9405,11
11.pdf,MT36 L corner acc_Horizonta l BK,9405,11
11.pdf,Sakelar 1 Tombol Intermedia te (Matt Champagne),8536,11
11.pdf,Sakelar 4 Tombol 1 Arah,8536,11
11.pdf,LT30 L corner acc_Vertical B K Surface,9405,11
11.pdf,Smart LT30 24V TunableWH TRK Adjust GridSpotlight10W 24°BK,9405,11
11.pdf,Smart LT30 24V TunableWH TRK Spotlight 6W36°BK,9405,11
11.pdf,LT30 Surface Mount Track 0. 5meter BK,9405,11
11.pdf,LT30 I shape Power connect or BK Surface,9405,11
11.pdf,LT30 L corner acc_Horizontal BK Surface,9405,11
12.pdf,Duro LED-KC1 Module TRIAC 12W4000 K36D,9405,12
12.pdf,Sakelar 2 Tombol Peredup Pi ntar(Smoky Grey),8536,12
12.pdf,Smart Zigbee Gateway (Wifi),8517,12
12.pdf,Peredup Lampu (Dimmer) 20 0W (Smoky Grey),8536,12
12.pdf,Sakelar Pintar 1 Tombol (GE M)(Diamond Grey),8536,12
12.pdf,Bingkai Saklar 2-warna Putih(Smoky Grey),7326,12
13.pdf,Saklar 2-Tombol 1-Arah (GEM)(Diamond Grey),8536,13
13.pdf,Saklar 1-Tombol 2-Arah (GEM)(Diamond Grey),8536,13
13.pdf,Saklar 2-Tombol 2-Arah (GEM)(Diamond Grey),8536,13
14.pdf,Bingkai Saklar 3-warna Putih,7326,14
14.pdf,arah Dengan Indicator LED,8536,14
14.pdf,Saklar 1-tombol 1-arah Dengan Indicator LED,8536,14
14.pdf,Saklar 2-tombol 1-arah Dengan Indicator LED,8536,14
14.pdf,Saklar 4-tombol 1-arah Dengan Indicator LED,8536,14
14.pdf,Deteksi Gas Mudah Terbakar Pintar,8531,14
14.pdf,Vibration sensor,8531,14
14.pdf,Doorbell push button,8536,14
14.pdf,Remote key,8526,14
14.pdf,Sakelar Bell (GEM),8536,14
14.pdf,Sakelar 1 Tombol 1 Arah De ngan Strip,8536,14
14.pdf,Sakelar 2 Tombol 2 Arah De ngan Strip,8536,14
14.pdf,Sakelar 3 Tombol 1 Arah De ngan Strip,8536,14
14.pdf,ngan Strip,8536,14
14.pdf,Sakelar 3 Tombol 2 Arah De ngan Strip,8536,14
14.pdf,Sakelar 4 Tombol 1 Arah De ngan Strip,8536,14
14.pdf,Sakelar 4 Tombol 2 Arah De ngan Strip,8536,14
14.pdf,Sakelar Tekan 1 Tombol Den gan Strip,8536,14
14.pdf,Sakelar Bell,8536,14
14.pdf,Stop Kontak Tipe Schuko,8536,14
14.pdf,Stop Kontak Multi-standard Dan Stop Kontak 2 Pin,8536,14
14.pdf,Outlet TV Dengan Konektor Tipe F,8536,14
14.pdf,1 Gang Telephone Outlet,8536,14
14.pdf,Sakelar 1 Tombol 2 Arah De ngan Strip,8536,14
14.pdf,Outlet Telepon,8536,14
14.pdf,Outlet Data,8536,14
14.pdf,Floor Socket Twin Euro-US Socket,8536,14
14.pdf,Floor Socket with Schuko,8536,14
14.pdf,Penutup Stopkontak Transpa ran Tahan Air,3926,14
14.pdf,Stop Kontak Multistandard D engan USB A+C (GEM),8536,14
14.pdf,Sakelar Pintar Skenario 2 To mbol (GEM),8536,14
14.pdf,Saklar 3-Tombol 2-Arah (GEM),8536,14
14.pdf,Sakelar Pintar 1 Tombol (GE M),8536,14
16.pdf,Smart Doorbell(Wifi),8531,16
16.pdf,Pendeteksi Pintar Banjir,9025,16
18.pdf,Bingkai Saklar 4-warna Putih,7326,18
18.pdf,Bingkai untuk 1-tombol,7326,18
18.pdf,Saklar 2-tombol 1-arah dengan indicator LED,8536,18
18.pdf,Saklar 2-tombol 2-arah dengan indicator LED,8536,18
19.pdf,2 Wires (L-N) Track-1 meter-BK,9405,19
19.pdf,RS22 LED tracklight(2 wires) 20W 3000K 24D WH,9405,19
19.pdf,RS22 LED tracklight(2 wires) 10W 3000K 24D WH,9405,19
19.pdf,RS22 LED tracklight(2 wires) 30W 3000K 24D WH,9405,19
19.pdf,RS22 LED tracklight(2 wires) 30W 3000K 24D BK,9405,19
19.pdf,RS22 LED tracklight(2 wires) 30W 6500K 24D BK,9405,19
21.pdf,Duro KC1 oval frame,9405,21
21.pdf,Duro KC1 double flat grid fra me,9405,21
21.pdf,Duro KC1 triple flat grid fram e,9405,21
22.pdf,Bingkai Saklar 2-warna champagne,7326,22
22.pdf,Bingkai Saklar 3-warna champagne,7326,22
22.pdf,Bingkai Saklar champagne,7326,22
22.pdf,Bingkai Saklar 4-warna champagne,7326,22
22.pdf,Outlet Alat Cukur (Matt Cha mpagne),8536,22
22.pdf,Outlet USB-HDMI (Matt Champagne),8536,22
23.pdf,Outlet Alat Cukur,8536,23
23.pdf,Outlet USB-HDMI,8536,23
23.pdf,Stop Kontak TV dengan Kon ektor Tipe F,8536,23
23.pdf,Outlet USB dan TypeC,8536,23
23.pdf,Telepon dan Data Outlet,8536,23
24.pdf,Sakelar Peredup Lampu (Dim mer) 200W(Smoky Grey),8536,24
26.pdf,Peredup Lampu (Dimmer),8536,26
26.pdf,Peredup Lampu (Dimmer) (S moky Grey),8536,26
26.pdf,Sakelar 1 Tombol Skenario Pi ntar(Smoky Grey),8536,26
27.pdf,Sakelar 2 Tombol Skenario Pi ntar,8536,27
27.pdf,Floor Socket with Multi-Standard & 2-pin Socket,8536,27
28.pdf,Sakelar 2 Tombol Tirai Pintar (Smoky Grey),8536,28
28.pdf,Sakelar Pintar 1 Tombol (20 A),8536,28
28.pdf,Sakelar Pintar 1 Tombol (20 A)(Matt Champagne),8536,28
28.pdf,Sakelar Pintar 1 Tombol (20 A)(Graphite Black),8536,28
28.pdf,Sakelar Pintar 1 Tombol (20 A)(Smoky Grey),8536,28
28.pdf,Sakelar 2 Tombol Pintar (Sm oky Grey),8536,28
28.pdf,oky Grey),8536,28
28.pdf,Sakelar 3 Tombol Pintar (Sm oky Grey),8536,28
28.pdf,Sakelar 4 Tombol Skenario Pi ntar(Smoky Grey),8536,28
28.pdf,Modul Pengatur Suhu AC Pin tar(Graphite Black),9032,28
28.pdf,Sakelar 2 Tombol Skenario Pi ntar(Smoky Grey),8536,28
28.pdf,Smart Zigbee Gateway (LAN),8517,28
28.pdf,Sakelar 1 Tombol Pintar (Gra phite Black),8536,28
28.pdf,Sakelar 3 Tombol Skenario Pi ntar,8536,28
29.pdf,Sakelar 2 Tombol Tirai Pintar,8536,29
29.pdf,Modul Pengatur Suhu AC Pin tar,9032,29
29.pdf,Sakelar 1 Tombol Skenario Pi ntar,8536,29
30.pdf,Saklar 2 tombol Data Outlet(Smoky Grey),8536,30
30.pdf,Telepon dan Data Outlet(Sm oky Grey),8536,30
30.pdf,Bingkai Saklar 2 (Vertikal),7326,30
30.pdf,Bingkai Saklar 3 (Vertikal),7326,30
30.pdf,Bingkai Saklar 4 (Vertikal),7326,30
30.pdf,Bingkai Saklar 5 (Vertikal),7326,30
31.pdf,Wall-mounted-Power track-1m-Black,8538,31
31.pdf,Bingkai Saklar 4-Warna Putih(Matt Champagn e),7326,31
31.pdf,Outlet Telepon & Data (Matt Champagne),8536,31
31.pdf,Outlet TV & Data,8536,31
31.pdf,Outlet TV & Data (Matt Cha mpagne),8536,31
32.pdf,Stop Kontak tipe Schuko (Gr aphite Black),8536,32
32.pdf,Stop Kontak Multi-standard Dan Stop Kontak 2 Pin(Graphite Black),8536,32
33.pdf,Stop Kontak Multistandard D engan USB A+C (GEM)(Diam ond Grey),8536,33
33.pdf,Stop Kontak Multi-standar (GEM)(Diamond Gre y),8536,33
35.pdf,Modul Peredup Pintar Tunabl e CCT,8536,35
37.pdf,Stop Kontak Schuko Dengan Tipe A+C (Metal)(Brushed Gr ey),8536,37
39.pdf,Sakelar Pintar 3 Tombol (GE M),8536,39
40.pdf,Sakelar Pintar 2 Tombol (GE M),8536,40
42.pdf,Smart MT36 48V Adjust Grid Spotlight12W24D BK,9405,42
42.pdf,Smart MT36 48V Spotlight 1 0W24D BK,9405,42
43.pdf,Wall-mounted-Power track-0.8m-Black,8538,43
43.pdf,Multi-standard socket-Square-BK,8536,43
43.pdf,Duro LED-KC1 Module 9W4000K36D,9405,43
43.pdf,CP20 LED Spotlight 5W4000 KRa80,9405,43
44.pdf,Sakelar 1 Tombol Peredup Pi ntar (GEM)(Diamond Grey),8536,44
44.pdf,Sakelar 1 Tombol Tirai Pintar (GEM)(Diamond Grey),8536,44
44.pdf,Sakelar 2 Tombol Tirai Pintar (GEM)(Diamond Grey),8536,44
44.pdf,Sakelar Pintar 2 Tombol (GE M)(Diamond Grey),8536,44
44.pdf,Sakelar Pintar 3 Tombol (GE M)(Diamond Grey),8536,44
44.pdf,Sakelar Pintar 4 Tombol (GE M)(Diamond Grey),8536,44
44.pdf,Sakelar Pintar Skenario 4 To mbol (GEM)(Diamond Grey),8536,44
44.pdf,Sakelar Pintar Skenario 8 To mbol (GEM)(Diamond Grey),8536,44
45.pdf,Stop Kontak Schuko Dengan Tipe A+C (GEM)(Diamond W hite),8536,45
45.pdf,EV1 60W24V constant voltag e power supply,8504,45
45.pdf,Smart PIR Motion Sensor (Zi gbee),9031,45
45.pdf,Sakelar 1 Tombol Peredup Pi ntar(Smoky Grey),8536,45
45.pdf,Sakelar 4 Tombol Pintar (Sm oky Grey),8536,45
45.pdf,Stop Kontak Schuko Dengan Tipe A+C (GEM)(Diamond Gr ey),8536,45
45.pdf,Stop Kontak Schuko Dengan Tipe A+C (GEM)(Diamond Sil ver),8536,45
47.pdf,Bingkai Sakelar 4 (Platinum Grey),8538,47
48.pdf,Sakelar 2-Tombol Intermediate(Smoky Grey),8536,48
48.pdf,Stop Kontak Multistandard D engan USB A+C(Graphite Bla ck),8536,48
49.pdf,FL20 LED floodlight 300W65 00K,9405,49
49.pdf,RD50 LED streetlight 75W 65 00K,9405,49
49.pdf,Sakelar 3 Tombol 2 Arah (Gr aphite Black),8536,49
49.pdf,Valor LED DL 8W R100 6500 K,9405,49
49.pdf,Duro LED Panel light 36W 65 00K 595*595,9405,49
49.pdf,Saklar 1-Tombol 1-Arah (GEM)(Diamond Grey),8536,49
49.pdf,Duro KC1 ivory 10D anti-glare frame,9405,49
49.pdf,Duro LED-KC1 Module TRIAC 9W3000K 36D,9405,49
49.pdf,Saklar 2 Gang Dimming Terp isah 0-10V,8536,49
49.pdf,Sakelar 1 Tombol Pintar (Sm oky Grey),8536,49
49.pdf,CP20 LED Spotlight 5W3000 KRa80,9405,49
49.pdf,CP20 LED Spotlight 7W3000 KRa80,9405,49
52.pdf,Saklar 1-Tombol 1-Arah (Metal)(Satin Gold),8536,52
52.pdf,Saklar 4-Tombol 1-Arah (Metal)(Satin Gold),8536,52
52.pdf,Saklar 1-Tombol 2-Arah (Metal)(Brushed Grey),8536,52
52.pdf,Outlet Telepon (Metal) (Brus hed Grey),8536,52
52.pdf,Saklar 2-Tombol 2-Arah (GEM)(Diamond White),8536,52
53.pdf,Outlet Telepon RJ11 (Matt C hampagne),8536,53
54.pdf,Sakelar Peredup Lampu (Di mmer) 200W(Smoky Grey),8536,54
55.pdf,Surface-mounted-Power track-0.8m-Black,8538,55
56.pdf,SMB65C-63 MCB 6kA 1P C10,8536,56
59.pdf,Saklar 4-Tombol 2-Arah (Smoky Grey),8536,59
59.pdf,Saklar 2-tombol 1-arah Dengan Indicator LED(Smoky Grey),8536,59
59.pdf,Sakelar Tekan (momentary) 2 Gang(Smoky Grey),8536,59
61.pdf,Modul TV Dan Stop Kontak D ata(Graphite Black),8536,61
61.pdf,Saklar Bel 1-Tombol (Smoky Grey),8536,61
63.pdf,Sakelar 3 Tombol Pintar (Gra phite Black),8536,63
63.pdf,Sakelar 2 Tombol Skenario Pi ntar(Graphite Black),8536,63
63.pdf,Sakelar Pintar Skenario 4 To mbol(Graphite Black),8536,63
63.pdf,Sakelar 1 Tombol Peredup Pi ntar(Graphite Black),8536,63
63.pdf,145 Floor Socket (aluminium alloy(cid:0),8536,63
63.pdf,Multi-Standard Module,8536,63
64.pdf,LED DriverCC 360mA30-42VDC/220-240V on-off HPF,8504,64
65.pdf,EV1 150W24V constant volta ge power supply,8504,65
65.pdf,LED DriverCC 700mA30-42VDC/220-240V Triac HPF,8504,65
67.pdf,Saklar ELV Lampu Latar Gan da 6 Tombol (Kontak kering),8536,67
68.pdf,Sakelar 3 Tombol Skenario Pi ntar(Smoky Grey),8536,68
68.pdf,Stop Kontak Multi-standar (Platinum Grey),8536,68
68.pdf,Penutup Stopkontak Anti Air(Smoky Grey),3926,68
68.pdf,Plat Penutup (Matt Champag ne),7326,68
70.pdf,SS22 COB Strip 24V 256L 8m m 10W3000K IP20 5M,8539,70
71.pdf,SS22 COB 24V Strip 10W/M-5M 320L 8mm 3000K,8539,71
72.pdf,Valor LED DL 17W R150 300 0K,9405,72
73.pdf,RD20 LED streetlight 50W 65 00K,9405,73
78.pdf,Valor LED DL 12W R125 650 0K,9405,78
80.pdf,FL20 LED floodlight 200W30 00K,9405,80
82.pdf,Smart Door and Window Sen sor (Zigbee),8531,82
82.pdf,Sakelar 4 Tombol 1 Arah (Ma tt Champagne),8536,82
82.pdf,Sakelar 1 Tombol 2 Arah (Ma tt Champagne),8536,82
82.pdf,Docking AC gateway(VRF),8517,82
84.pdf,Valor LED A60 9W 3000K,8539,84
84.pdf,FL20 LED floodlight 10W400 0K,9405,84
84.pdf,FL20 LED floodlight 30W400 0K,9405,84
84.pdf,FL20 LED floodlight 300W30 00K,9405,84
85.pdf,Sakelar Pintar 2 Tombol (Sm oky Grey),8536,85
85.pdf,Sakelar Pintar 4 Tombol (Sm oky Grey),8536,85
85.pdf,Sakelar Pintar Skenario 1 To mbol(Smoky Grey),9032,85
85.pdf,Sakelar Pintar Skenario 4 To mbol(Smoky Grey),8536,85
86.pdf,CLL16 LED linear light 26W6 500K,9405,86
88.pdf,Sakelar Pintar 1 Tombol (Sm oky Grey),8536,88
88.pdf,Stop Kontak Tipe Schuko (S moky Grey),8536,88
90.pdf,1 Gang Smart No-neutral Switch Module,8536,90
93.pdf,70-120V Tuning Switch 3 Wiring s(Smoky Grey),8536,93
94.pdf,Bingkai Saklar 2-warna Putih(Matt Champagn e),7326,94
96.pdf,Outlet Data (Smoky Grey),8536,96
97.pdf,HB32 LED Highbay 80W/120 W/150W 4000K/5000K/6500 K,9405,97
101.pdf,Duro LED-KC1 Module 12W4000K24D,9405,101
101.pdf,Duro LED-KC1 Module TRIAC 12W4000 K24D,9405,101
102.pdf,FL30 LED floodlight 100W65 00K,9405,102
105.pdf,Smart Breaker(ZigBee),8536,105
106.pdf,120 Twin Floor Socket (alumi nium alloy(cid:0),8536,106
107.pdf,Saklar 2-Tombol 1-Arah (Platinum Grey),8536,107
110.pdf,Sakelar 2 Tombol 1 Arah De ngan Strip(Graphite Black),8536,110
110.pdf,Sakelar 2 Tombol 2 Arah De ngan Strip(Graphite Black),8536,110
110.pdf,Sakelar 3 Tombol 1 Arah De ngan Strip(Graphite Black),8536,110
110.pdf,Sakelar 4 Tombol 1 Arah De ngan Strip(Graphite Black),8536,110
110.pdf,Outlet Data (Graphite Black),8536,110
110.pdf,Sakelar Peredup Lampu (Dim mer) 200W(Graphite Black),8536,110
110.pdf,Sakelar 1 Tombol 1 Arah De ngan Strip(Matt Champagne),8536,110
110.pdf,Sakelar 2 Tombol 1 Arah De ngan Strip(Matt Champagne),8536,110
110.pdf,Sakelar 2 Tombol 2 Arah De ngan Strip(Matt Champagne),8536,110
110.pdf,Sakelar 3 Tombol 1 Arah De ngan Strip(Matt Champagne),8536,110
110.pdf,Sakelar 1 Tombol 1 Arah De ngan Strip(Smoky Grey),8536,110
110.pdf,Sakelar 4 Tombol 1 Arah De ngan Strip(Matt Champagne),8536,110
110.pdf,Stop Kontak Tipe Schuko (M att Champagne),8536,110
110.pdf,Sakelar 2 Tombol 1 Arah De ngan Strip,8536,110
110.pdf,Stop Kontak Universal Denga n Sakelar(Matt Champagne),8536,110
110.pdf,Outlet Data (Matt Champagn e),8536,110
110.pdf,Sakelar 1 Tombol 2 Arah De ngan Strip(Smoky Grey),8536,110
110.pdf,Sakelar 2 Tombol 1 Arah De ngan Strip(Smoky Grey),8536,110
110.pdf,Sakelar 2 Tombol 2 Arah De ngan Strip(Smoky Grey),8536,110
110.pdf,Sakelar 3 Tombol 1 Arah De ngan Strip(Smoky Grey),8536,110
110.pdf,Sakelar 4 Tombol 1 Arah De ngan Strip(Smoky Grey),8536,110
110.pdf,Stop Kontak Multi-standard Dan Stop Kontak 2 Pin(Smoky Grey),8536,110
111.pdf,LT30 Surface Mount Track 1. 5meter BK,9405,111
111.pdf,LT30 24V constant voltage D river100W BK,8504,111
112.pdf,Saklar 1-tombol 2-arah Dengan Indicator LED(Graphite Black),8536,112
112.pdf,Saklar 1-tombol 2-arah dengan indicator LED(Smoky Grey),8536,112
112.pdf,Saklar 2-tombol 1-arah Dengan Indicator LED(Graphite Black),8536,112
112.pdf,Saklar 2-tombol 2-arah Dengan Indicator LED(Graphite Black),8536,112
112.pdf,Saklar 2-tombol 2-arah dengan indicator LED(Smoky Grey),8536,112
112.pdf,Saklar 3-tombol 1-arah Dengan Indicator LED,8536,112
112.pdf,Saklar 3-tombol 1-arah Dengan Indicator LED(Graphite Black),8536,112
112.pdf,Saklar 3-tombol 1-arah dengan indicator LED(M att Champagne),8536,112
113.pdf,Valor LED square DL 24W S2 00 4000K,9405,113
113.pdf,Sakelar 3 Tombol 1 Arah (Na tural Champagne),8536,113
114.pdf,Olot LED Highbay G5 100W 6500K 120D,9405,114
115.pdf,Valor LED DL 20W R175 650 0K,9405,115
115.pdf,RD20 LED streetlight 50W 40 00K,9405,115
117.pdf,Smart RF Infrared Remote C ontroller,8526,117
117.pdf,Saklar 2-Tombol 1-Arah (Metal)(Brushed Grey),8536,117
117.pdf,Saklar 2-Tombol 2-Arah (Metal)(Brushed Grey),8536,117
117.pdf,Stop Kontak Multistandard D engan USB A+C (Metal)(Brus hed Grey),8536,117
118.pdf,Modul TV dan Stop Kontak D ata(Smoky Grey),8536,118
119.pdf,Saklar 3-Tombol 2-Arah (GEM)(Diamond Grey),8536,119
121.pdf,Sakelar 3 Tombol 1 Arah (Ma tt Champagne),8536,121
123.pdf,Sakelar Pintar 3 Tombol,8536,123
123.pdf,1 Gang Smart Curtain Switch Module(TY cloud)(Smoky Gr ey),8536,123
126.pdf,13A Plug,8536,126
129.pdf,1 Tombol Saklar Modul Smar t Non-netral(Smoky Grey),8536,129
131.pdf,Simon Smart Lock LK33,8301,131
132.pdf,Twin BS Switched Socket(Gr aphite Black),8536,132
132.pdf,Saklar 3-Tombol 1-Arah (Metal)(Brushed Grey),8536,132
135.pdf,Sakelar 1 Tombol Intermedia te (Smoky Grey),8536,135
136.pdf,Outlet Data Cat.6 (Graphite Black),8536,136
137.pdf,Bingkai Sakelar 2 (Smoky Gr ey),3926,137
137.pdf,Bingkai Sakelar 3 (Smoky Gr ey),3926,137
137.pdf,Bingkai Sakelar 4 (Smoky Gr ey),3926,137
138.pdf,Outlet USB-HDMI (Smoky Grey),8536,138
139.pdf,Saklar 1-Tombol 1-Arah (Platinum Grey),8536,139
139.pdf,Saklar 1-Tombol 2-Arah (Platinum Grey),8536,139
139.pdf,Outlet Telepon (Platinum Gre y),8536,139
139.pdf,Outlet TV (Platinum Grey),8536,139
139.pdf,Bingkai Sakelar 2 (Platinum Grey),8538,139
140.pdf,Valor LED DL 12W R150 650 0K,9405,140
142.pdf,Outlet TV (Matt Champagne),8536,142
142.pdf,Valor LED DL 8W R100 4000 K,9405,142
142.pdf,Smart cam 30,8525,142
144.pdf,Smart Infrared Remote Cont roller (Wifi),8526,144
144.pdf,Duro LED-KC1 Module 7W3000K36D,9405,144
144.pdf,Bingkai Sakelar 5 (Smoky Gr ey),3926,144
145.pdf,1 Gang Flush Mounting Box,3926,145
147.pdf,16A Sakelar Kartu Akses RFI D (Natural Champagne),8536,147
147.pdf,2 Gang Frame(Natural Cham pagne),3926,147
147.pdf,3 Gang Frame(Natural Cham pagne),3926,147
148.pdf,CP36S BK Max15W360mAR7 5Ra90 3000K24D NoDriver,9405,148
149.pdf,CP36S LED Spotlight SR 12W R75 3000K24D Ra90,9405,149
149.pdf,CP36S LED Spotlight SR 24W R100 3000K24D Ra90,9405,149
150.pdf,Duro LED-KC1 Module 5W4000K15D,9405,150
150.pdf,Duro LED-KC1 Module 7W4000K36D,9405,150
151.pdf,Sakelar 1 Tombol 1 Arah (S moky Grey),8536,151
152.pdf,Duro LED-KC1 Module TRIAC 12W3000 K36D,9405,152
152.pdf,CP36S LED Spotlight BK 7W R55 3000K36D Ra90,9405,152
152.pdf,CP36S LED Spotlight BK 7W R55 4000K36D Ra90,9405,152
155.pdf,CP36S LED Spotlight SR 12W R75 3000K36D Ra90,9405,155
156.pdf,Motion Sensor LED Bulb 6W 6500K,8539,156
156.pdf,LED Emergency bulb A67 7W 6800K,8539,156
156.pdf,LED Emergency bulb A67 12 W6800K,8539,156
156.pdf,LED Emergency HPB Bulb T1 00 18W6500K,8539,156
157.pdf,Duro LED-KC1 Module 7W3000K60D,9405,157
159.pdf,Duro LED-KC1 Module 12W3000K24D,9405,159
160.pdf,SRD29 LED streetlight Solar Eq100W 6500K,9405,160
161.pdf,Duro LED-KC1 Module TRIAC 9W4000K 36D,9405,161
161.pdf,Duro LED-KC1 Module TRIAC 9W3000K 24D,9405,161
162.pdf,Duro LED-KC1 Module 7W4000K60D,9405,162
163.pdf,Stop Kontak Multistandard d engan Pengisi Daya USB(Mat t Champagne),8536,163
165.pdf,MT36 LED 48V Track Spotlig ht10W4000K24D BK,9405,165
165.pdf,MT36 Power connector 0.2m eter BK,9405,165
165.pdf,CP20 LED Spotlight 7W4000 KRa80,9405,165
168.pdf,Duro LED-KC1 Module 12W4000K36D,9405,168
169.pdf,Duro LED-KC1 Module TRIAC 9W4000K 24D,9405,169
170.pdf,Duro LED-KC1 Module TRIAC 15W4000 K24D,9405,170
176.pdf,Valor LED DL 12W R150 650 0K 4-pack,9405,176
178.pdf,Valor LED DL 4W R75 6500K,9405,178
178.pdf,Valor LED DL 12W R150 300 0K,9405,178
179.pdf,SMB65C-63 MCB 6kA 1P C2,8536,179
179.pdf,SMB65C-63 MCB 6kA 1P C50,8536,179
179.pdf,SMB65C-63 MCB 6kA 1P C63,8536,179
179.pdf,SMB65C-63 MCB 6kA 3P C10,8536,179
179.pdf,SMB65C-63 MCB 6kA 3P C20,8536,179
179.pdf,SMB65C-63 MCB 6kA 3P C25,8536,179
179.pdf,SMB65C-63 MCB 6kA 3P C32,8536,179
179.pdf,SMB65C-63 MCB 6kA 1P C4,8536,179
179.pdf,SMB65C-63 MCB 6kA 1P C6,8536,179
179.pdf,SMB65C-63 MCB 6kA 1P C16,8536,179
180.pdf,Valor LED A60 7W 3000K,8539,180
180.pdf,LED MR16 glass HV 7W 6500 K,8539,180
180.pdf,Valor LED A60 11W 3000K,8539,180
180.pdf,Valor LED T120 40W 6500K,8539,180
180.pdf,Valor LED A70 15W 3000K,8539,180
180.pdf,Valor LED T45 10W 3000K,8539,180
181.pdf,Sakelar 2 Tombol Pintar (Gr aphite Black),8536,181
181.pdf,Sakelar 4 Tombol Pintar (Gra phite Black),8536,181
181.pdf,Sakelar 1 Tombol Skenario Pi ntar(Graphite Black),8536,181
181.pdf,Sakelar 4 Tombol Skenario Pintar(Graphite Black),8536,181
181.pdf,Sakelar 2 Tombol Peredup Pi ntar(Graphite Black),8536,181
181.pdf,Smart human presence sens or(ZigBee),9030,181
181.pdf,Sakelar Pintar Skenario 2 To mbol (GEM)(Diamond Grey),8536,181
181.pdf,mbol(Smoky Grey),9032,181
181.pdf,Sakelar 1 Tombol Peredup Pi ntar (Metal)(Brushed Grey),8536,181
181.pdf,Sakelar Pintar Skenario 8 To mbol (Metal)(Brushed Grey),8536,181
181.pdf,Deteksi Asap Alarm Pintar,8531,181
181.pdf,Sakelar Pintar Skenario 4 To mbol,8536,181
181.pdf,Sakelar 2 Tombol Pintar (Gra phite Black),8536,181
181.pdf,Sakelar Pintar 4 Tombol (Gra phite Black),8536,181
184.pdf,Stop Kontak Tipe Schuko (Pl atinum Grey),8536,184
184.pdf,Stop Kontak Multistandard D engan USB A+C(Platinum Gr ey),8536,184
186.pdf,MT36 LED 48V Track Spotlig ht10W3000K24D BK,9405,186
186.pdf,MT36 48V Track Linear Light 12W4000K BK,9405,186
186.pdf,MT36 Recessed 48V constan t voltage Driver150w,8504,186
186.pdf,smart multi-functional control panel,8536,186
187.pdf,Outlet Data (Platinum Grey),8536,187
192.pdf,RD20 LED streetlight 200W 6 500K,9405,192
192.pdf,SMB65C-63 MCB 6kA 3P C6,8536,192
192.pdf,SMB65C-63 MCB 6kA 3P C16,8536,192
192.pdf,SMB65C-63 MCB 6kA 3P C50,8536,192
194.pdf,Saklar 1-Tombol 2-Arah (Metal)(Satin Gold),8536,194
194.pdf,Saklar 2-Tombol 1-Arah (Metal)(Satin Gold),8536,194
194.pdf,Saklar 3-Tombol 1-Arah (Metal)(Satin Gold),8536,194
194.pdf,Stop Kontak Tipe Schuko (M etal)(Satin Gold),8536,194
196.pdf,"Smart breaker(simon smart, Zigbee,16A)",8536,196
197.pdf,Sakelar 4 Tombol 2 Arah (S moky Grey),8536,197
198.pdf,MT36 corner Power connecto r BK,9405,198
199.pdf,Duro LED Panel light 36W 65 00K 300*1200,9405,199
199.pdf,Stop Kontak Multistandard D engan USB A+C(Natural Cha mpagne),9032,199
199.pdf,Outlet TV & Data (Smoky Gr ey),8536,199
199.pdf,Multi-standard Socket with Switch and Type-A+C(Smoky Grey),8536,199
201.pdf,Stop Kontak Multi-standar (Metal)(Brushed Gre y),8536,201
201.pdf,Valor LED DL 20W R175 400 0K,9405,201
201.pdf,MT36 48V Adjust GridSpotlig ht12W4000K24D BK,9405,201
201.pdf,HB30 LED Highbay 100W 65 00K 90D,9405,201
201.pdf,Recessed with clip installatio n accessory kit,7320,201
201.pdf,Bingkai Sakelar 1 (Smoky Gr ey),3926,201
201.pdf,RD20 LED streetlight 150W 4 000K,9405,201
203.pdf,Stop Kontak Multistandard D engan USB A+C(Matt Champ agne),8536,203
203.pdf,SS22 Strip 24V 60L 8mm 8W 2700K IP20 5M,8539,203
203.pdf,SS22 COB HV Strip 14W/M-50M 288L8mm 3000K,8539,203
204.pdf,Sakelar 4 Tombol 2 Arah (Gr aphite Black),8536,204
205.pdf,Valor LED square DL 24W S2 00 6500K,9405,205
210.pdf,Sakelar 3 Tombol 2 Arah (Na tural Champagne),8536,210
213.pdf,CP36S LED Spotlight BK 12W R75 3000K36D Ra90,9405,213
216.pdf,RD20 LED streetlight 100W 4 000K,9405,216
217.pdf,Floor Socket with Schuko Mo dule,8536,217
217.pdf,FL20 LED floodlight 20W650 0K,9405,217
219.pdf,Duro LED-KC1 Module 5W3000K24D,9405,219
224.pdf,RS22 LED tracklight(2 wires) 10W 3000K 24D BK,9405,224
224.pdf,RS22 LED tracklight(2 wires) 10W 4000K 24D WH,9405,224
224.pdf,RS22 LED tracklight(2 wires) 10W 4000K 24D BK,9405,224
224.pdf,RS22 LED tracklight(2 wires) 20W 4000K 24D WH,9405,224
226.pdf,Duro LED-KC1 Module 12W3000K36D,9405,226
226.pdf,Duro LED-KC1 Module TRIAC 12W3000 K24D,9405,226
226.pdf,Duro LED-KC1 Module 7W3000K15D,9405,226
227.pdf,Socket Waterproof Cover,3926,227
229.pdf,SS22 COB HV Strip 14W/M-50M 288L8mm 4000K,8539,229
230.pdf,Bingkai Sakelar 1 (Matt Cha mpagne),3926,230
230.pdf,Stop Kontak Saklar Internasi onal 10A(Matt Champagne),8536,230
231.pdf,FL20 LED floodlight 200W65 00K,9405,231
231.pdf,Valor LED DL 4W R75 4000K,9405,231
231.pdf,Valor LED DL surface mounti ng accessory 17W,9405,231
231.pdf,EV1 300W24V constant volta ge power supply IP67,8504,231
233.pdf,Linear Connector(L-N)-BK,9405,233
234.pdf,SMB65C-63 MCB 6kA 2P C6,8536,234
235.pdf,Sakelar 3 Tombol Pintar (Mat t Champagne),8536,235
236.pdf,EV1 30W24V constant voltag e power supply,8504,236
239.pdf,SS22 COB Strip Accessory Kit (With EU plug),8539,239
241.pdf,Saklar Bell Dengan Indikator DND MUR(Smoky Grey),8536,241
241.pdf,Plat Penutup (Smoky Grey),7326,241
241.pdf,Sakelar Tekan (momentary) 1 Gang,8536,241
241.pdf,Sakelar Tekan (momentary) 2 Gang,8536,241
241.pdf,Sakelar Tekan (momentary) 1 Gang(Smoky Grey),8536,241
243.pdf,Sakelar 2 Tombol 2 Arah den gan DND & MUR,8536,243
246.pdf,RD20 LED streetlight 100W 6 500K,9405,246
249.pdf,Valor LED DL 24W R200 300 0K,9405,249
250.pdf,Valor LED DL 17W R150 650 0K 4-pack,9405,250
256.pdf,LED T8 18W 6500K DE INDO,8539,256
259.pdf,2 Tombol Saklar Modul Smar t Non-netral(Smoky Grey),8536,259
259.pdf,Bingkai untuk 1-tombol (Graphite Black),3926,259
259.pdf,3 Tombol Saklar Modul Smar t Non-netral(Smoky Grey),8536,259
260.pdf,Sakelar 3 Tombol Pintar (Dar k Black),8536,260
260.pdf,Sakelar 2 Tombol Pintar (Dar k Black),8536,260
262.pdf,Valor LED DL 12W R125 300 0K,9405,262
263.pdf,Saklar 4-Tombol 2-Arah (Matt Champagne),8536,263
264.pdf,Saklar Bell dengan indikator DND MUR,8536,264
265.pdf,Sakelar Tekan (momentary) 2 Gang(Graphite Black),8536,265
267.pdf,Floor Socket Twin Universal Socket,8536,267
268.pdf,Saklar 1-Tombol 1-Arah (Coffee Black),8536,268
268.pdf,Bingkai saklar 1-warna Putih(Coffee Black),7326,268
268.pdf,Saklar 2-Tombol 1-Arah (Coffee Black),8536,268
268.pdf,Saklar 3-Tombol 1-Arah (Coffee Black),8536,268
268.pdf,Saklar 4-Tombol 1-Arah (Coffee Black),8536,268
268.pdf,Schuko Socket (Coffee Black),8536,268
268.pdf,Twin USB Socket with Switch (Coffee Black),8536,268
269.pdf,Penutup Stopkontak Anti Air(Graphite Black),3926,269
270.pdf,Sakelar Ganda Euro-US Dengan Type A+C(20W)(Smoky Grey),8536,270
272.pdf,LED(cid:0)(cid:0)(cid:0)(cid:0)(cid:0)(cid:0)(cid:0)(cid:0)(cid:0)(cid:0)(cid:0) (cid:0)(cid:0)1.2(cid:0)T8(cid:0)(cid:0) @1x1.2m T8 LED tube batte n fixture without shield,9405,272
273.pdf,65E-Distribution box-recessed-8modules,7326,273
273.pdf,65E-Distribution box-recessed-12modules,7326,273
273.pdf,65E-Distribution box-recessed-4modules,7326,273
275.pdf,Sakelar Kartu Akses Dengan RFID(Smoky Grey),8536,275
275.pdf,Outlet Alat Cukur (Smoky Gr ey),8536,275
281.pdf,WiFi Router+USB+ Type C(S moky Grey),8536,281
283.pdf,"Modul Pengatur Suhu Panas Lantai dan AC Terpusat (Sim on Smart, Modbus)(Diamond Grey)",9032,283
284.pdf,Pelat Penutup (GEM)(Diamo nd Grey),3926,284
287.pdf,Sakelar 2 Tombol Intermedia te,8536,287
288.pdf,Stop Kontak Universal Denga n Sakelar(Platinum Grey),8536,288
288.pdf,Stop Kontak Saklar (GEM)(Di amond Grey),8536,288
289.pdf,Homepad Pro 10inch with Zi gBee&BLE Gateway,8471,289
291.pdf,Stop Kontak Saklar (Smoky Grey),8536,291
291.pdf,Schuko socket-Round-GR,8536,291
292.pdf,Smart Temperature and Hu midity Sensor (Zigbee),9025,292
292.pdf,Docking AC gateway mini (V RF),8517,292
295.pdf,Bingkai Sakelar 5 (Platinum Grey),8538,295
296.pdf,Sakelar 1 Tombol 2 Arah De ngan Strip(Graphite Black),8536,296
296.pdf,Sakelar 1 Tombol 2 Arah De ngan Strip(Matt Champagne),8536,296
298.pdf,Valor LED DL 16W R150 300 0K-4000K-6500K,9405,298
302.pdf,Outlet Kartu Akses Hotel (Sm oky Grey),8536,302
303.pdf,SFL39 LED Floodlight Solar E q100W 6500K,9405,303
303.pdf,FL20 LED floodlight 100W65 00K,9405,303
303.pdf,2 Gang 1 Way Switch (Metal) (Frosted Silver),8536,303
306.pdf,Sakelar 2 Tombol Tirai Pintar (Graphite Black),8536,306
307.pdf,Sakelar 2 Tombol 2 Arah De ngan DND & MUR(Graphite B lack),8536,307
307.pdf,Floor Socket 13A BS & USB S ocket,8536,307
307.pdf,Floor Socket with 2 Data Soc ket Cat.6,8536,307
310.pdf,Sakelar Tekan (momentary) 3 Gang(Graphite Black),8536,310
311.pdf,Stop Kontak Multi-standard Dengan Sakelar(Gr aphite Black),8536,311
312.pdf,Duro LED-KC1 Module TRIAC 7W3000K 24D,9405,312
313.pdf,Smart cam 20,8525,313
315.pdf,Stop Kontak 13A dengan Sak elar(Smoky Grey),8536,315
317.pdf,Saklar Bell Dengan Indikator DND MUR(Matt Champagne),8536,317
317.pdf,Saklar Peredup Zigbee 2 To mbol (RCU nirkabel) (Matt C hampagne),8536,317
317.pdf,4 Gang Sakelar Skenario Zig bee(Matt Champagne),8536,317
317.pdf,Sakelar Kartu Akses (Matt Ch ampagne),8536,317
317.pdf,Saklar Zigbee 1 Tombol (Mat t Champagne),8536,317
317.pdf,Saklar Peredup Zigbee 1 To mbol (RCU nirkabel) (Matt C hampagne),8536,317
317.pdf,6 Gang Sakelar Skenario Zig bee(Matt Champagne),8536,317
318.pdf,Duro LED-KC1 Module 15W4000K36D,9405,318
318.pdf,Duro KC1 single flat grid fra me,9405,318
319.pdf,Outlet cukur,8536,319
320.pdf,Sakelar Peredup Lampu (Dim mer) 200W,8536,320
321.pdf,Saklar 2-Tombol 2-Arah (Platinum Grey),8536,321
321.pdf,MT36 48V Track Pendant9W 4000K24D BK,9405,321
322.pdf,Saklar Bel 1-Tombol (Graphite Black),8536,322
323.pdf,Stop Kontak Saklar,8536,323
329.pdf,Sakelar 1 Tombol 1 Arah (Sp ace Grey),8536,329
329.pdf,Sakelar 1 Tombol 1 Arah (Vi ntage Gold),8536,329
330.pdf,Stop Kontak Multi-standar (GEM),8536,330
331.pdf,Lampu Sensor Kaki 3000k,9405,331
332.pdf,LED DriverCV 24V150W on-off,8504,332
333.pdf,Multi-standard socket-Round-BK,8536,333
333.pdf,USB Outlet-Round-BK(DC5V2.1A),8536,333
334.pdf,Saklar 4-Tombol 2-Arah (GEM),8536,334
334.pdf,EV1 200W24V constant volta ge power supply IP67,8504,334
335.pdf,Smart RGB+Tunable CCT bul b A60 8.5W WIIFI,8539,335
338.pdf,Saklar 4-Tombol 2-Arah,8536,338
338.pdf,Schuko socket-Round-WH,8536,338
339.pdf,Bingkai saklar 1-warna putih,7326,339
339.pdf,Stop Kontak 13A dengan Sak elar,8536,339
343.pdf,Sakelar Tekan (momentary) 4 Gang(Graphite Black),8536,343
343.pdf,Pelat Penutup (Smoky Grey),3926,343
346.pdf,Twin data outlet module(26-Graphite Black),8536,346
347.pdf,Saklar 4-Tombol 1-Arah (Metal)(Brushed Grey),8536,347
348.pdf,Saklar 2-Tombol 1-Arah (Metal),8536,348
349.pdf,Duro KC1 ivory 10D anti-glare square frame,9405,349
349.pdf,RD20 LED streetlight 200W 4 000K,9405,349
350.pdf,Outlet TV & Data (GEM) (Dia mond Grey),8536,350
356.pdf,Duro LED-KC1 Module 9W3000K24D,9405,356
357.pdf,Stop Kontak Multi-standard dengan Sakelar(Ma tt Champagne),8536,357
357.pdf,Sakelar 1 Tombol 1 Arah (Ma tt Champagne),8536,357
358.pdf,Stop Kontak USB type A+C (30W)(Natural Champagne),8536,358
361.pdf,Saklar 3-Tombol 2-Arah,8536,361
363.pdf,Duro LED-KC1 Module 9W3000K36D,9405,363
364.pdf,Saklar 2 tombol Data Outlet,8536,364
367.pdf,Outlet Data Cat.6,8536,367
367.pdf,Valor LED DL 8W R100 6500 K 4-pack,9405,367
373.pdf,LED T8 HE 18W 6500K SE,8539,373
374.pdf,Floor Socket with HDMI & D ata (Cat.6) Socket,8536,374
374.pdf,Saklar 1-Tombol Intermediate,8536,374
377.pdf,Saklar Pintar Multifungsi 4 T ombol(2 skenario+2 saklar),8536,377
380.pdf,EV1 120W24V constant volta ge power supply,8504,380
382.pdf,Valor LED A60 13W 3000K,8539,382
384.pdf,Stop Kontak Multi Standar D engan USB Ganda,8536,384
386.pdf,Valor LED DL 12W R125 400 0K,9405,386
388.pdf,Stop Kontak Tipe Schuko (M etal),8536,388
388.pdf,Saklar 1-Tombol 1-Arah (Metal),8536,388
388.pdf,Saklar 2-Tombol 2-Arah (Metal),8536,388
388.pdf,Saklar 3-Tombol 1-Arah (Metal),8536,388
389.pdf,SS22 COB 24V Strip 10W/M-5M 320L 8mm 4000K,8539,389
389.pdf,8mm end connector-single wiring,9405,389
389.pdf,8mm middle connector,9405,389
390.pdf,Sakelar 4 Tombol Pintar,8536,390
392.pdf,Stop Kontak Multi-standar,8536,392
396.pdf,3 Gang Smart Scene Switch Module(TY cloud)(61-Smoky Grey),8536,396
397.pdf,Sakelar Kartu Akses Dengan RFID,8536,397
401.pdf,Sakelar Pintar Skenario 4 To mbol (Metal),8536,401
402.pdf,Saklar 1-tombol 1-arah dengan indicator LED,8536,402
402.pdf,Saklar 4-Tombol 1-Arah (Metal),8536,402
402.pdf,Stop Kontak Universal Denga n Sakelar (Metal),8536,402
403.pdf,Sakelar Pintar 2 Tombol (Met al),8536,403
403.pdf,Outlet Data (Metal),8536,403
403.pdf,Outlet TV (Metal),8536,403
403.pdf,Sakelar Pintar 1 Tombol (Met al),8536,403
404.pdf,Surface Mounting Box,8536,404
411.pdf,Duro LED-KC1 Module 9W4000K24D,9405,411
416.pdf,Bingkai Saklar 4-Warna Putih,7326,416
416.pdf,Bingkai Saklar 5-warna Putih,7326,416
416.pdf,16A Sakelar Kartu Akses RFI D,8536,416
417.pdf,RD20 LED streetlight 150W 6 500K,9405,417
417.pdf,SFL39 LED Floodlight Solar E q50W 6500K,9405,417
419.pdf,RD50 LED streetlight 30W 65 00K,9405,419
421.pdf,Stop Kontak Multi-standard dengan Sakelar,8536,421
425.pdf,MT36 48V Track Linear Light 7W3000K BK,9405,425
428.pdf,FL30 LED floodlight 30W650 0K,9405,428
428.pdf,Pelat Penutup,3926,428
428.pdf,Modul TV dan Stop Kontak D ata,8536,428
429.pdf,Valor LED square DL 8W S10 0 6500K,9405,429
429.pdf,Valor LED square DL 12W S1 50 6500K,9405,429
430.pdf,Valor LED DL 20W R175 300 0K,9405,430
432.pdf,FL20 LED floodlight 50W300 0K,9405,432
432.pdf,Outlet Telepon & Data,8536,432
432.pdf,Bingkai Sakelar 5,3926,432
433.pdf,Stop Kontak Schuko Dengan Tipe A+C,8536,433
433.pdf,blank plate(26-Graphite Black),3926,433
434.pdf,Sakelar Kartu Akses,8536,434
434.pdf,Saklar Zigbee 1 Tombol,8536,434
434.pdf,Saklar Peredup Zigbee 1 To mbol (RCU nirkabel),8536,434
434.pdf,Saklar Peredup Zigbee 2 To mbol (RCU nirkabel),8536,434
434.pdf,4 Gang Sakelar Skenario Zig bee,8536,434
434.pdf,6 Gang Sakelar Skenario Zig bee,8536,434
435.pdf,Saklar Bell Dengan Indikator DND MUR,8536,435
437.pdf,Sakelar Tekan (momentary) 3 Gang,8536,437
437.pdf,Saklar 1-Tombol 2-Arah (Metal),8536,437
438.pdf,1 Gang Mounting Box,3926,438
441.pdf,Duro KC1 round embedded frame,9405,441
442.pdf,Modul TV dan Stop Kontak Data Cat.6,8536,442
443.pdf,Valor LED DL 4W R75 3000K,9405,443
443.pdf,Valor LED DL 8W R100 3000 K,9405,443
445.pdf,FL20 LED floodlight 30W300 0K,9405,445
450.pdf,SS22 COB HV Strip 14W/M-50M 288L8mm 6500K,8539,450
451.pdf,FL30 LED floodlight 50W650 0K,9405,451
452.pdf,Valor LED square DL 17W S1 50 3000K,9405,452
456.pdf,Surface-mounted Power track-0.6m-Black,8538,456
458.pdf,Sakelar Pintar Skenario 1 To mbol (Metal),8536,458
459.pdf,Sakelar 2-Tombol Intermediate,8536,459
460.pdf,3 Gang Smart No-neutral Switch,8536,460
468.pdf,FL20 LED floodlight 50W650 0K,9405,468
