Goods/Services,Section,Chapter,Group,English,Bahasa 
"	B","	00","	00","	00","	Services","	Jasa" 
"	B","	01","	00","	00","	Construction Services","	Jasa Kontruksi" 
"	B","	01","	01","	00","	General Construction Services for Buildings","	Jasa Konstruksi Umum Untuk Bangunan" 
"	B","	01","	01","	01","	General construction services for residential buildings","	Jasa konstruksi umum untuk bangunan tempat tinggal" 
"	B","	01","	01","	02","	General construction services for non-residential buildings.","	Jasa konstruksi umum untuk bangunan bukan tempat tinggal." 
"	B","	01","	02","	00","	General Construction Services for Civil Engineering Works","	Jasa Konstruksi Umum Untuk Pekerjaan Teknik Sipil" 
"	B","	01","	02","	01","	General construction services for expressways (except overpasses), highways, roads, railways and airstrips","	Jasa konstruksi umum untuk jalan bebas hambatan (kecuali jalan layang), jalan raya, jalan, jalan kereta api dan landasan pesawat terbang" 
"	B","	01","	02","	02","	General construction services of bridges, overpasses and tunnels","	Jasa konstruksi umum jembatan, jalan layang dan terowongan" 
"	B","	01","	02","	03","	General construction services for ports, canals, dams, irrigation water structures and other water structures","	Jasa konstruksi umum pelabuhan, terusan, bendungan, bangunan air irigasi dan bangunan air lainnya" 
"	B","	01","	02","	04","	General construction services of long-distance pipelines, communication lines and electricity (cables)","	Jasa konstruksi umum pipa saluran jarak jauh, saluran komunikasi dan listrik (kabel)" 
"	B","	01","	02","	05","	General construction services for local pipelines and cables as well as related works","	Jasa konstruksi umum pipa saluran dan kabel lokal serta pekerjaan ybdi " 
"	B","	01","	02","	06","	Mining general construction services and industrial buildings","	Jasa konstruksi umum pertambangan dan bangunan industri" 
"	B","	01","	02","	07","	General construction services for outdoor sports and recreation facilities","	Jasa konstruksi umum fasilitas olah raga dan rekreasi di ruang terbuka" 
"	B","	01","	02","	09","	General construction services for other civil engineering works","	Jasa konstruksi umum pekerjaan teknik sipil lainnya" 
"	B","	01","	03","	00","	Site Preparation Service","	Jasa Penyiapan Tempat" 
"	B","	01","	03","	01","	Demolition service","	Jasa pembongkaran" 
"	B","	01","	03","	02","	Building and cleaning services","	Jasa pembentukan dan pembersihan tempat" 
"	B","	01","	03","	03","	Excavation and earthmoving services","	Jasa penggalian dan pemindahan tanah" 
"	B","	01","	03","	04","	Clean water well drilling and septic system installation","	Jasa pengeboran sumur air bersih dan pemasangan sistem septik" 
"	B","	01","	04","	00","	Prefabricated Construction Assembly and Construction","	Perakitan Dan Pembangunan Konstruksi Prafabrikan" 
"	B","	01","	04","	01","	Prefabricated Construction Assembly and Construction","	Perakitan Dan Pembangunan Konstruksi Prafabrikan" 
"	B","	01","	05","	00","	Special Skills Construction Services","	Jasa Konstruksi Ketrampilan Khusus" 
"	B","	01","	05","	01","	Pile driving services into the ground and foundation","	Jasa pemancangan tiang ke dalam tanah dan pondasi" 
"	B","	01","	05","	02","	Construction frame installation services.","	Jasa pemasangan kerangka konstruksi." 
"	B","	01","	05","	03","	Roofing and waterproofing services","	Jasa pemasangan atap dan pembuatan tahan air" 
"	B","	01","	05","	04","	Concrete installation services","	Jasa pemasangan beton" 
"	B","	01","	05","	05","	Steel structure construction services.","	Jasa pembangunan struktur baja." 
"	B","	01","	05","	06","	builder services","	Jasa tukang bangunan" 
"	B","	01","	05","	07","	Scaffolding Services","	Jasa Perancah" 
"	B","	01","	05","	09","	Other special skills construction services","	Jasa konstruksi ketrampilan khusus lainnya" 
"	B","	01","	06","	00","	Installation services","	Jasa Instalasi" 
"	B","	01","	06","	01","	Electrical installation services","	Jasa instalasi listrik" 
"	B","	01","	06","	02","	Water pipe installation services (plumbing) and channel installation","	Jasa instalasi pipa air (plumbing) dan pemasangan saluran" 
"	B","	01","	06","	03","	Heating equipment installation services","	Jasa instalasi peralatan pemanas ruangan" 
"	B","	01","	06","	04","	Gas equipment installation services","	Jasa instalasi perlengkapan gas" 
"	B","	01","	06","	05","	Blocking services","	Jasa penyekatan" 
"	B","	01","	06","	09","	Other installation services","	Jasa instalasi lainnya" 
"	B","	01","	07","	00","	Final Work and Building Completion Services","	Jasa Pekerjaan Akhir Dan Penyelesaian Gedung" 
"	B","	01","	07","	01","	Glass installation services","	Jasa pemasangan kaca" 
"	B","	01","	07","	02","	Plaster coating services","	Jasa pelapisan plester" 
"	B","	01","	07","	03","	Painting service","	Jasa pengecatan" 
"	B","	01","	07","	04","	Floor and wall tile installation services","	Jasa pemasangan ubin lantai dan dinding" 
"	B","	01","	07","	05","	Flooring, wall covering and other wall covering services","	Jasa pemasangan lantai, penutupan dinding dan pelapisan dinding lainnya" 
"	B","	01","	07","	06","	Carpentry services (Carpentry and Joinery)","	Jasa pekerjaan tukang kayu (Carpentry dan Joinery)" 
"	B","	01","	07","	07","	Fence and railing installation services","	Jasa pemasangan pagar dan susuran tangga" 
"	B","	01","	07","	09","	Final work and other building completion services","	Jasa pekerjaan akhir dan penyelesaian bangunan lainnya " 
"	B","	02","	00","	00","	Wholesale Trading Services","	Jasa Perdagangan Besar" 
"	B","	02","	01","	00","	Wholesale Trading Services except on the basis of remuneration or contract","	Jasa Perdagangan Besar Kecuali Atas Dasar Balas Jasa Atau Kontrak" 
"	B","	02","	01","	01","	Wholesale services of agricultural raw materials and live animals, except on a fee or contract basis","	Jasa perdagangan besar dari bahan mentah pertanian dan binatang hidup, kecuali atas dasar balas jasa atau kontrak" 
"	B","	02","	01","	02","	Wholesale services of food, beverages and tobacco, except on a fee or contract basis","	Jasa perdagangan besar dari makanan, minuman dan tembakau, kecuali atas dasar balas jasa atau kontrak" 
"	B","	02","	01","	03","	Wholesale trade services of textiles, clothing and footwear, except on a fee or contract basis","	Jasa perdagangan besar dari tekstil, pakaian dan alas kaki, kecuali atas dasar balas jasa atau kontrak" 
"	B","	02","	01","	04","	Wholesale services of household appliances, goods and appliances, except on a fee or contract basis","	Jasa perdagangan besar dari peralatan, barang-barang dan peralatan rumah tangga, kecuali atas dasar balas jasa atau kontrak" 
"	B","	02","	01","	05","	Wholesale services of other consumer goods, except on a fee or contract basis","	Jasa perdagangan besar dari barang-barang konsumen lainnya, kecuali atas dasar balas jasa atau kontrak" 
"	B","	02","	01","	06","	Wholesale services of construction (building) materials and hardware, except on a fee or contract basis","	Jasa perdagangan besar dari bahan-bahan dan perangkat keras konstruksi (bangunan), kecuali atas dasar balas jasa atau kontrak" 
"	B","	02","	01","	07","	Wholesale services of chemical and pharmaceutical products, except on a fee or contract basis","	Jasa perdagangan besar dari produk kimia dan farmasi, kecuali atas dasar balas jasa atau kontrak" 
"	B","	02","	01","	08","	Wholesale services of machinery, equipment and spare parts, except on a fee or contract basis","	Jasa perdagangan besar mesin-mesin, peralatan dan suku cadang, kecuali atas dasar balas jasa atau kontrak" 
"	B","	02","	01","	09","	Wholesale services of other products, except on a fee or contract basis","	Jasa perdagangan besar dari produk lainnya, kecuali atas dasar balas jasa atau kontrak" 
"	B","	02","	02","	00","	Wholesale Trade Services on the Basis of Fees or Contracts","	Jasa Perdagangan Besar Atas Dasar Balas Jasa Atau Kontrak" 
"	B","	02","	02","	01","	Wholesale trade services of agricultural raw materials and live animals on a fee or contract basis","	Jasa perdagangan besar dari bahan mentah pertanian dan binatang hidup atas dasar balas jasa atau kontrak" 
"	B","	02","	02","	02","	Wholesale services of food, beverages and tobacco on a fee or contract basis","	Jasa perdagangan besar dari makanan, minuman dan tembakau atas dasar balas jasa atau kontrak" 
"	B","	02","	02","	03","	Wholesale trade services of textiles, clothing and footwear on a fee or contract basis","	Jasa perdagangan besar dari tekstil, pakaian dan alas kaki atas dasar balas jasa atau kontrak" 
"	B","	02","	02","	04","	Wholesale services of household appliances, goods and equipment on a fee or contract basis","	Jasa perdagangan besar dari peralatan, barang-barang dan perlengkapan rumah tangga atas dasar balas jasa atau kontrak" 
"	B","	02","	02","	05","	Wholesale services of other consumer goods on a fee or contract basis","	Jasa perdagangan besar dari barang-barang konsumen lainnya atas dasar balas jasa atau kontrak" 
"	B","	02","	02","	06","	Wholesale services of construction (building) materials and hardware on a fee or contract basis","	Jasa perdagangan besar dari bahan-bahan dan perangkat keras konstruksi (bangunan) atas dasar balas jasa atau kontrak" 
"	B","	02","	02","	07","	Wholesale services of chemical and pharmaceutical products on a fee or contract basis","	Jasa perdagangan besar dari produk kimia dan farmasi atas dasar balas jasa atau kontrak" 
"	B","	02","	02","	08","	Wholesale services of machinery, equipment and spare parts on a fee or contract basis","	Jasa perdagangan besar dari mesin-mesin, peralatan dan suku cadang atas dasar balas jasa atau kontrak" 
"	B","	02","	02","	09","	Wholesale services of other products on a fee or contract basis","	Jasa perdagangan besar dari produk lainnya atas dasar balas jasa atau kontrak" 
"	B","	03","	00","	00","	Retail Trading Services","	Jasa Perdagangan Eceran" 
"	B","	03","	01","	00","	Retail Trading Services Not in Special Stores","	Jasa Perdagangan Eceran Bukan Di Toko Khusus" 
"	B","	03","	01","	01","	Retail Trading Services Not in Special Stores","	Jasa Perdagangan Eceran Bukan Di Toko Khusus" 
"	B","	03","	02","	00","	Retail Trading Services in Specialized Stores","	Jasa Perdagangan Eceran Di Toko Khusus" 
"	B","	03","	02","	01","	Retail trade services in specialty stores for agricultural raw materials and live animals","	Jasa perdagangan eceran di toko khusus untuk bahan mentah pertanian dan binatang hidup" 
"	B","	03","	02","	02","	Retail trade services in specialty stores for food, beverages and tobacco","	Jasa perdagangan eceran di toko khusus untuk makanan, minuman dan tembakau" 
"	B","	03","	02","	03","	Retail trade services in specialty stores for textiles, clothing and footwear","	Jasa perdagangan eceran di toko khusus untuk tekstil, pakaian dan alas kaki" 
"	B","	03","	02","	04","	Retail trade services in specialized stores for household appliances, goods and supplies","	Jasa perdagangan eceran di toko khusus untuk peralatan, barang-barang dan perlengkapan rumah tangga" 
"	B","	03","	02","	05","	Retail trade services in specialty stores for other consumer goods","	Jasa perdagangan eceran di toko khusus untuk barang-barang konsumen lainnya" 
"	B","	03","	02","	06","	Retail trade services in specialty stores for construction (building) materials and hardware","	Jasa perdagangan eceran di toko khusus untuk untuk bahan-bahan dan perangkat keras konstruksi (bangunan)" 
"	B","	03","	02","	07","	Retail trade services in specialty stores for chemical and pharmaceutical products","	Jasa perdagangan eceran di toko khusus untuk produk kimia dan farmasi" 
"	B","	03","	02","	08","	Retail trade services in specialized stores for machinery, equipment and spare parts","	Jasa perdagangan eceran di toko khusus untuk mesin-mesin, peralatan dan suku cadang" 
"	B","	03","	02","	09","	Retail trade services in specialty stores for other products","	Jasa perdagangan eceran di toko khusus untuk produk lainnya" 
"	B","	03","	03","	00","	Retail Trading Services with Orders by Post or Internet","	Jasa Perdagangan Eceran Dengan Pemesanan Lewat Pos Atau Internet" 
"	B","	03","	03","	01","	Retail trade services by mail order or internet for agricultural raw materials and live animals","	Jasa perdagangan eceran dengan pemesanan lewat pos atau internet untuk bahan mentah pertanian dan binatang hidup" 
"	B","	03","	03","	02","	Retail trade services by mail or internet ordering for food, beverages and tobacco","	Jasa perdagangan eceran dengan pemesanan lewat pos atau internet untuk makanan, minuman dan tembakau" 
"	B","	03","	03","	03","	Retail trade services by mail or internet order for textiles, clothing and footwear","	Jasa perdagangan eceran dengan pemesanan lewat pos atau internet untuk tekstil, pakaian dan alas kaki" 
"	B","	03","	03","	04","	Retail trade services by mail or internet orders for household appliances, goods and supplies","	Jasa perdagangan eceran dengan pemesanan lewat pos atau internet untuk peralatan, barang-barang dan perlengkapan rumah tangga" 
"	B","	03","	03","	05","	Retail trade services by mail order or the internet for other consumer goods","	Jasa perdagangan eceran dengan pemesanan lewat pos atau internet untuk barangbarang konsumen lainnya" 
"	B","	03","	03","	06","	Retail trade services by mail order or internet of construction (building) materials and hardware","	Jasa perdagangan eceran dengan pemesanan lewat pos atau internet bahan-bahan dan perangkat keras konstruksi (bangunan)" 
"	B","	03","	03","	07","	Retail trade services by mail order or the internet for chemical and pharmaceutical products on a fee or contract basis","	Jasa perdagangan eceran dengan pemesanan lewat pos atau internet untuk produk kimia dan farmasi atas dasar balas jasa atau kontrak" 
"	B","	03","	03","	08","	Retail trade services by mail or internet orders for machinery, equipment and spare parts","	Jasa perdagangan eceran dengan pemesanan lewat pos atau internet untuk mesinmesin, peralatan dan suku cadang" 
"	B","	03","	03","	09","	Other product retail trade services by mail order or internet","	Jasa perdagangan eceran produk lainnya dengan pemesanan lewat pos atau internet" 
"	B","	03","	04","	00","	Retail Trade Services Not Other Stores","	Jasa Perdagangan Eceran Bukan Toko Lainnya" 
"	B","	03","	04","	01","	Retail trade services for agricultural raw materials and other non-stored live animals","	Jasa perdagangan eceran bahan mentah pertanian dan binatang hidup bukan toko lainnya" 
"	B","	03","	04","	02","	Other non-store retail food, beverage and tobacco trading services","	Jasa perdagangan eceran makanan, minuman dan tembakau bukan toko lainnya" 
"	B","	03","	04","	03","	Other non-store textile, clothing and footwear retail trade services","	Jasa perdagangan eceran tekstil, pakaian dan alas kaki bukan toko lainnya" 
"	B","	03","	04","	04","	Other non-store retail trade services for household appliances, goods and supplies","	Jasa perdagangan eceran peralatan, barang-barang dan perlengkapan rumah tangga bukan toko lainnya" 
"	B","	03","	04","	05","	Other non-store retail trade services for consumer goods","	Jasa perdagangan eceran barang-barang konsumen lainnya bukan toko lainnya" 
"	B","	03","	04","	06","	Other non-store retail construction (building) materials and hardware services","	Jasa perdagangan eceran bahan-bahan dan perangkat keras konstruksi (bangunan) bukan toko lainnya" 
"	B","	03","	04","	07","	Non-store retail chemical and pharmaceutical products services","	Jasa perdagangan eceran produk kimia dan farmasi bukan toko lainnya" 
"	B","	03","	04","	08","	Other non-store machinery, equipment and spare parts retail trade services","	Jasa perdagangan eceran mesin-mesin, peralatan dan suku cadang bukan toko lainnya" 
"	B","	03","	04","	09","	Retail trade services for other products, not other stores","	Jasa perdagangan eceran produk lainnya bukan toko lainnya" 
"	B","	03","	05","	00","	Retail Trade Services on a Fee or Contract Basis","	Jasa Perdagangan Eceran Atas Dasar Balas Jasa Atau Kontrak" 
"	B","	03","	05","	01","	Retail trade services on a fee or contract basis of agricultural raw materials and live animals","	Jasa perdagangan eceran atas dasar balas jasa atau kontrak dari bahan mentah pertanian dan binatang hidup" 
"	B","	03","	05","	02","	Retail trade services on a fee or contract basis of food, beverage and tobacco","	Jasa perdagangan eceran atas dasar balas jasa atau kontrak dari makanan, minuman dan tembakau" 
"	B","	03","	05","	03","	Retail trade services on a fee or contract basis of textiles, clothing and footwear","	Jasa perdagangan eceran atas dasar balas jasa atau kontrak dari tekstil, pakaian dan alas kaki" 
"	B","	03","	05","	04","	Retail trade services on a fee or contract basis of equipment, goods and household goods","	Jasa perdagangan eceran atas dasar balas jasa atau kontrak dari peralatan, barangbarang dan perlengkapan rumah tangga" 
"	B","	03","	05","	05","	Retail trade services on a fee or contract basis of other consumer goods","	Jasa perdagangan eceran atas dasar balas jasa atau kontrak dari barang-barang konsumen lainnya " 
"	B","	03","	05","	06","	Retail trade services on a fee or contract basis of construction (building) materials and hardware","	Jasa perdagangan eceran atas dasar balas jasa atau kontrak dari bahan-bahan dan perangkat keras konstruksi (bangunan)" 
"	B","	03","	05","	07","	Retail trade services on a fee or contract basis of chemical and pharmaceutical products","	Jasa perdagangan eceran atas dasar balas jasa atau kontrak dari produk kimia dan farmasi" 
"	B","	03","	05","	08","	Retail trade services on a fee or contract basis of machinery, equipment and spare parts","	Jasa perdagangan eceran atas dasar balas jasa atau kontrak dari mesin-mesin, peralatan dan suku cadang" 
"	B","	03","	05","	09","	Retail trade services on a fee or contract basis of other products","	Jasa perdagangan eceran atas dasar balas jasa atau kontrak dari produk lainnya" 
"	B","	04","	00","	00","	Accommodation, Food and Beverage Services","	Jasa Penyediaan Akomodasi, Makanan Dan Minuman" 
"	B","	04","	01","	00","	Accommodation Services for Travelers","	Jasa Akomodasi Untuk Wisatawan" 
"	B","	04","	01","	01","	Accommodation services providing rooms or rooms for tourists","	Jasa akomodasi penyediaan ruangan atau kamar untuk wisatawan" 
"	B","	04","	01","	02","	Campsite services","	Jasa tempat perkemahan" 
"	B","	04","	01","	03","	Camping and recreation services","	Jasa perkemahan dan rekreasi" 
"	B","	04","	02","	00","	Other Lodging Accommodation Services for Travelers and Others","	Jasa Akomodasi Penginapan Lainnya Untuk Wisatawan Dan Lainnya" 
"	B","	04","	02","	01","	Accommodation services providing rooms or rooms for students in student dormitories","	Jasa akomodasi penyediaan ruangan atau kamar untuk pelajar di asrama pelajar" 
"	B","	04","	02","	02","	Accommodation services providing rooms or rooms for workers in dormitories or camps for workers","	Jasa akomodasi penyediaan ruangan atau kamar untuk pekerja di asrama atau perkemahan untuk pekerja" 
"	B","	04","	02","	09","	Accommodation services providing room or other rooms","	Jasa akomodasi penyediaan ruangan atau kamar lainnya, ytdl" 
"	B","	04","	03","	00","	Food Preparation/Service","	Jasa Penyediaan/Pelayanan Makanan" 
"	B","	04","	03","	01","	Food service with full service restaurant","	Jasa pelayanan makanan dengan pelayanan penuh restoran" 
"	B","	04","	03","	02","	Food preparation/providing services with limited service","	Jasa penyiapan/penyediaan makanan dengan pelayanan terbatas" 
"	B","	04","	03","	09","	Catering services for certain events","	Jasa katering untuk acara-acara tertentu" 
"	B","	04","	04","	00","	Beverage Service","	Jasa Penyediaan Minuman" 
"	B","	04","	04","	01","	Beverage service","	Jasa penyediaan minuman" 
"	B","	05","	00","	00","	Transportation/Passenger Transport Services","	Jasa Transportasi/Angkutan Penumpang" 
"	B","	05","	01","	00","	Transportation/Passenger Transportation Services in the form of local transportation and transportation for sightseeing","	Jasa Transportasi/Angkutan Penumpang Berupa Transportasi Lokal Dan Transportasi Untuk Bertamasya" 
"	B","	05","	01","	01","	Transportation/land transportation services for passengers for the city and surrounding areas (suburbs)","	Jasa transportasi/angkutan darat bagi penumpang untuk kota dan daerah sekitarnya (pinggiran kota)" 
"	B","	05","	01","	02","	Local water transportation/freight services for passengers","	Jasa transportasi/angkutan air lokal untuk penumpang" 
"	B","	05","	01","	03","	Transportation services/transportation for tourism","	Jasa transportasi/angkutan untuk wisata" 
"	B","	05","	02","	00","	Long Distance Transportation/Passenger Transport Services","	Jasa Transportasi/Angkutan Penumpang Jarak Jauh" 
"	B","	05","	02","	01","	Intercity passenger transportation/transportation services by train","	Jasa transportasi/angkutan penumpang antarkota dengan kereta api" 
"	B","	05","	02","	02","	Transportation services/intercity highway transportation for passengers","	Jasa transportasi/angkutan jalan raya antarkota untuk penumpang" 
"	B","	05","	02","	03","	Long distance water transportation services for passengers","	Jasa angkutan air jarak jauh untuk penumpang" 
"	B","	05","	02","	04","	Air transportation services for passengers","	Jasa angkutan udara untuk penumpang" 
"	B","	05","	02","	05","	Space transportation services for passengers","	Jasa angkutan luar angkasa untuk penumpang" 
"	B","	06","	00","	00","	Freight Forwarding","	Jasa Angkutan Barang" 
"	B","	06","	01","	00","	Goods Transport Services By Land","	Jasa Angkutan Barang Melalui Darat" 
"	B","	06","	01","	01","	Freight transportation services by road","	Jasa angkutan barang melalui jalan raya" 
"	B","	06","	01","	02","	Freight transportation services by train","	Jasa angkutan barang melalui kereta api" 
"	B","	06","	01","	03","	Transport services via pipelines","	Jasa angkutan melalui jaringan pipa" 
"	B","	06","	02","	00","	Water Transportation Services for Goods","	Jasa Angkutan Air Untuk Barang" 
"	B","	06","	02","	01","	Coastal and transoceanic water transportation services for goods, with refrigerated vessels","	Jasa angkutan perairan pantai dan lintas samudra untuk barang, dengan kapal berpendingin" 
"	B","	06","	02","	02","	Water transportation services in deep waters for goods","	Jasa angkutan air di perairan dalam untuk barang" 
"	B","	06","	03","	00","	Goods Transport Services By Air And Space","	Jasa Angkutan Barang Melalui Udara Dan Angkasa" 
"	B","	06","	03","	01","	Air freight services","	Jasa angkutan barang melalui udara" 
"	B","	06","	03","	02","	Freight transportation services through space","	Jasa angkutan barang melalui luar angkasa" 
"	B","	07","	00","	00","	Transport Vehicle Rental Services With Officers (Operators)","	Jasa Penyewaan Kendaraan Angkutan Dengan Petugas (Operator)" 
"	B","	07","	01","	00","	Transport Vehicle Rental Services With Officers (Operators)","	Jasa Penyewaan Kendaraan Angkutan Dengan Petugas (Operator)" 
"	B","	07","	01","	01","	Land transportation vehicle rental services with officers (operators)","	Jasa penyewaan kendaraan angkutan darat dengan petugas (operator)" 
"	B","	07","	01","	02","	Boat rental services with officers (operators)","	Jasa penyewaan kapal dengan petugas (operator)" 
"	B","	07","	01","	03","	Aircraft/airplane rental services with officers (operators)","	Jasa penyewaan pesawat udara/pesawat terbang dengan petugas (operator)" 
"	B","	08","	00","	00","	Transportation Support Services","	Jasa Pendukung Angkutan" 
"	B","	08","	01","	00","	Loading and Unloading Services","	Jasa Bongkar Muat Barang" 
"	B","	08","	01","	01","	Container loading and unloading services","	Jasa bongkar muat kontainer" 
"	B","	08","	01","	09","	Loading and unloading services for cargo and other baggage","	Jasa bongkar muat kargo dan bagasi lainnya" 
"	B","	08","	02","	00","	Storage And Warehousing Services","	Jasa Penyimpanan Dan Pergudangan" 
"	B","	08","	02","	01","	Refrigerated storage service","	Jasa penyimpanan dengan pendingin" 
"	B","	08","	02","	02","	Gas and liquid goods storage services (in bulk)","	Jasa penyimpanan barang berwujud gas dan cair (dalam jumlah banyak) " 
"	B","	08","	02","	09","	Other storage and warehousing services.","	Jasa penyimpanan dan pergudangan lainnya." 
"	B","	08","	03","	00","	Support Services For Rail Transport","	Jasa Pendukung Untuk Angkutan Kereta Api" 
"	B","	08","	03","	01","	Push and towing services for rail transport","	Jasa pendorong dan penarik angkutan kereta api " 
"	B","	08","	03","	09","	Other supporting services for rail transportation","	Jasa pendukung lainnya untuk angkutan kereta api" 
"	B","	08","	04","	00","	Support Services for Land Transportation","	Jasa Pendukung Untuk Angkutan/Transportasi Darat" 
"	B","	08","	04","	01","	Bus terminal services","	Jasa terminal bus" 
"	B","	08","	04","	02","	Road, bridge and tunnel operation services","	Jasa pengoperasian jalan raya, jembatan dan terowongan" 
"	B","	08","	04","	03","	Parking service","	Jasa parkir" 
"	B","	08","	04","	04","	Towing services for private and commercial vehicles","	Jasa derek untuk kendaraan pribadi dan komersil" 
"	B","	08","	04","	09","	Other supporting services for land transportation","	Jasa pendukung lainnya untuk angkutan darat" 
"	B","	08","	05","	00","	Support Services For Water Transportation","	Jasa Pendukung Untuk Angkutan Air" 
"	B","	08","	05","	01","	Port and waterway operation services (excluding cargo handling) in coastal areas and transoceanic waters","	Jasa pengoperasian pelabuhan dan jalan air (tidak termasuk penanganan kargo) di daerah pantai dannperairan lintas samudra" 
"	B","	08","	05","	02","	Boat guide and mooring services","	Jasa pemandu dan penambat kapal" 
"	B","	08","	05","	03","	Rescue and buoy services","	Jasa kapal penyelamat dan pelampung" 
"	B","	08","	05","	09","	Other supporting services for water transportation","	Jasa pendukung lainnya untuk angkutan air" 
"	B","	08","	06","	00","	Support Services for Air or Space Transportation","	Jasa Pendukung Untuk Angkutan Udara Atau Angkasa" 
"	B","	08","	06","	01","	Airport operational services (except cargo handling)","	Jasa operasional bandar udara (kecuali penanganan kargo)" 
"	B","	08","	06","	02","	Air traffic control services","	Jasa pengatur lalu lintas udara" 
"	B","	08","	06","	03","	Other supporting services for air transportation","	Jasa pendukung lainnya untuk angkutan udara" 
"	B","	08","	06","	04","	Support services for space transportation","	Jasa pendukung untuk angkutan luar angkasa" 
"	B","	08","	09","	00","	Other Transportation Support Services","	Jasa Pendukung Angkutan Lainnya" 
"	B","	08","	09","	01","	Goods transportation agent services and other goods transportation services","	Jasa agen angkutan barang dan jasa angkutan barang lainnya" 
"	B","	08","	09","	09","	Other transportation support services","	Jasa pendukung angkutan lainnya" 
"	B","	09","	00","	00","	Postal and Courier Services","	Jasa Pos Dan Kurir" 
"	B","	09","	01","	00","	Postal and Courier Services","	Jasa Pos Dan Kurir" 
"	B","	09","	01","	01","	postal service","	Jasa pos" 
"	B","	09","	01","	02","	Courier service","	Jasa kurir" 
"	B","	09","	01","	03","	Local delivery service","	Jasa pengiriman barang lokal" 
"	B","	10","	00","	00","	Electricity, Gas and Water Distribution Services (On Own)","	Jasa Distribusi Listrik, Gas Dan Air (Atas Usaha Sendiri)" 
"	B","	10","	01","	00","	Electricity and Gas Distribution Services (On Own)","	Jasa Distribusi Listrik Dan Gas (Atas Usaha Sendiri)" 
"	B","	10","	01","	01","	Distribution and transmission of electricity (on own account)","	Distribusi dan transmisi listrik (atas usaha sendiri)" 
"	B","	10","	01","	02","	Gas distribution by channel (on own account)","	Distribusi gas melalui saluran (atas usaha sendiri)" 
"	B","	10","	02","	00","	Water Distribution Services (On Own)","	Jasa Distribusi Air (Atas Usaha Sendiri)" 
"	B","	10","	02","	01","	Distribution of water directly from water sources, except hot water and steam (own effort)","	Distribusi air langsung dari sumber air, kecuali air panas dan uap (atas usaha sendiri)" 
"	B","	10","	02","	02","	Distribution of steam, hot water and cold water directly from the source (own effort)","	Distribusi uap, air panas dan air dingin langsung dari sumber (atas usaha sendiri)" 
"	B","	10","	02","	03","	Distribution of water, other than through channels (on own account)","	Distribusi air, selain melalui saluran (atas usaha sendiri)" 
"	B","	11","	00","	00","	Financial services and its related services","	Jasa Keuangan Dan Yang Berhubungan Dengannya" 
"	B","	11","	01","	00","	Financial Services Except Investment Banking, Insurance Services and Pension Services","	Jasa Keuangan Kecuali Investasi Perbankan, Jasa Asuransi Dan Jasa Pensiun" 
"	B","	11","	01","	01","	Central bank services","	Jasa bank sentral" 
"	B","	11","	01","	02","	Money/deposit storage services","	Jasa penyimpanan uang/deposito" 
"	B","	11","	01","	03","	Loan services","	Jasa pemberian pinjaman" 
"	B","	11","	01","	04","	Financial leasing services","	Jasa leasing keuangan" 
"	B","	11","	01","	09","	Other financial services, except investment banking, insurance services and pension services","	Jasa keuangan lainnya, kecuali investasi perbankan, jasa asuransi dan jasa pensiun" 
"	B","	11","	02","	00","	Banking Investment Services","	Jasa Investasi Perbankan" 
"	B","	11","	02","	01","	Banking Investment Services","	Jasa Investasi Perbankan" 
"	B","	11","	03","	00","	Insurance and Pension Services (Outside Reinsurance Services) Except for Mandatory Social Security Services","	Jasa Asuransi Dan Pensiun (Di Luar Jasa Reasuransi) Kecuali Jasa Jaminan Sosial Wajib" 
"	B","	11","	03","	01","	Insurance and pension services (excluding reinsurance services)","	Jasa asuransi dan pensiun (di luar jasa reasuransi)" 
"	B","	11","	03","	02","	Accident and health insurance services","	Jasa asuransi kecelakaan dan kesehatan" 
"	B","	11","	03","	03","	Other non-life insurance services (excluding reinsurance services)","	Jasa asuransi bukan jiwa lainnya (di luar jasa reasuransi)" 
"	B","	11","	04","	00","	Reinsurance Services","	Jasa Reasuransi" 
"	B","	11","	04","	01","	Life reinsurance service","	Jasa reasuransi jiwa" 
"	B","	11","	04","	02","	Reinsurance services for accidents and health","	Jasa reasuransi untuk kecelakaan dan kesehatan" 
"	B","	11","	04","	03","	Other non-life reinsurance services","	Jasa reasuransi bukan jiwa lainnya" 
"	B","	11","	05","	00","	Supporting Services For Financial Services Apart From Insurance And Pensions","	Jasa Penunjang Untuk Jasa Keuangan Selain Untuk Asuransi Dan Pensiun" 
"	B","	11","	05","	01","	Services related to investment banking","	Jasa yang berhubungan dengan investasi perbankan" 
"	B","	11","	05","	02","	Securities and commodity brokerage trading services","	Jasa perdagangan perantara surat-surat berharga dan komoditas ybdi" 
"	B","	11","	05","	03","	Portfolio management services except pension funds","	Jasa manajemen portofolio kecuali dana pensiun" 
"	B","	11","	05","	04","	Trust and custody services","	Jasa wali amanat (trust) dan kustudion (custody)" 
"	B","	11","	05","	05","	Services related to money market administration","	Jasa yang berhubungan dengan administrasi pasar uang" 
"	B","	11","	05","	09","	Other supporting services for financial services","	Jasa pendukung lainnya untuk jasa keuangan" 
"	B","	11","	06","	00","	Support Services For Insurance And Pension","	Jasa Penunjang Untuk Asuransi Dan Pensiun" 
"	B","	11","	06","	01","	Brokerage and insurance agent services","	Jasa pedagang perantara dan agen asuransi" 
"	B","	11","	06","	02","	Insurance claim matching service","	Jasa pencocokan klaim asuransi" 
"	B","	11","	06","	03","	Actuarial services","	Jasa aktuaria" 
"	B","	11","	06","	04","	Pension fund management services","	Jasa manajemen dana pensiun" 
"	B","	11","	06","	09","	Other supporting services for insurance and pension","	Jasa penunjang lainnya untuk asuransi dan pensiun" 
"	B","	11","	07","	00","	Financial Asset Storage Services","	Jasa Penyimpanan Aset Keuangan" 
"	B","	11","	07","	01","	Financial Asset Storage Services","	Jasa Penyimpanan Aset Keuangan" 
"	B","	12","	00","	00","	Real Estate Services","	Jasa Real Estate" 
"	B","	12","	01","	00","	Real Estate Services Include Land and/or Buildings (Property) Owned or Rented","	Jasa Real Estate Mencakup Tanah Dan/Atau Bangunan (Properti) Milik Sendiri Atau Yang Disewakan" 
"	B","	12","	01","	01","	Land and/or building rental services that are owned or leased","	Jasa persewaan tanah dan/atau bangunan milik sendiri atau yang disewakan" 
"	B","	12","	01","	02","	Building trading services","	Jasa perdagangan bangunan" 
"	B","	12","	01","	03","	Empty land trading services and plots","	Jasa perdagangan tanah kosong dan tanah kavling" 
"	B","	12","	02","	00","	Real Estate Services On The Basis Of Fees Or Contracts","	Jasa Real Estate Atas Dasar Balas Jasa Atau Kontrak" 
"	B","	12","	02","	01","	Property management services on a fee or contract basis","	Jasa manajemen properti atas dasar balas jasa atau kontrak" 
"	B","	12","	02","	02","	Sales of buildings on a fee or contract basis","	Penjualan bangunan atas dasar balas jasa atau kontrak" 
"	B","	12","	02","	03","	Sale of land on a fee or contract basis","	Penjualan tanah atas dasar balas jasa atau kontrak" 
"	B","	12","	02","	04","	Real estate appraisal services on a fee or contract basis","	Jasa penilai real estate atas dasar balas jasa atau kontrak" 
"	B","	13","	00","	00","	Leasing or Leasing Services Without Officers (Operators)","	Jasa Leasing Atau Persewaan Tanpa Petugas (Operator)" 
"	B","	13","	01","	00","	Leasing Services or Rental of Machines and Equipment Without Officers (Operators)","	Jasa Leasing Atau Persewaan Mesin Dan Perlengkapannya Tanpa Petugas (Operator)" 
"	B","	13","	01","	01","	Leasing or rental services for transportation/transportation without officers (operators)","	Jasa leasing atau persewaan angkutan/transportasi tanpa petugas (operator)" 
"	B","	13","	01","	02","	Leasing services or rental of machines and other equipment without an officer (operator)","	Jasa leasing atau persewaan mesin dan perlengkapan lainnya tanpa petugas (operator)" 
"	B","	13","	02","	00","	Leasing or rental services for other goods","	Jasa Leasing Atau Persewaan Barang-Barang Lainnya" 
"	B","	13","	02","	01","	Leasing or rental services for television, radio, video cassette recorders and equipment related to their accessories","	Jasa leasing atau persewaan televisi, radio, perekam kaset video dan peralatan yang berhubungan dengan aksesorisnya" 
"	B","	13","	02","	02","	Leasing or rental services for video players and chips","	Jasa leasing atau persewaan pemutar dan keping video" 
"	B","	13","	02","	03","	Leasing or rental services for furniture and other household supplies","	Jasa leasing atau persewaan furnitur dan perlengkapan rumah tangga lainnya" 
"	B","	13","	02","	04","	Leasing services or equipment rental to relax and have fun/recreation/sightseeing","	Jasa leasing atau persewaan perlengkapan untuk bersantai dan bersenangsenang/rekreasi/tamasya" 
"	B","	13","	02","	05","	Household linen leasing or rental services","	Jasa leasing atau persewaan kain linen rumah tangga" 
"	B","	13","	02","	06","	Leasing or leasing services for textiles, clothing and footwear","	Jasa leasing atau persewaan barang-barang tekstil, pakaian dan alas kaki" 
"	B","	13","	02","	07","	Leasing or rental services for automatic machines and equipment","	Jasa leasing atau persewaan mesin-mesin otomatis dan peralatannya" 
"	B","	13","	02","	09","	Leasing services or rental of other goods","	Jasa leasing atau persewaan barang-barang lainnya ytdl" 
"	B","	13","	03","	00","	Licensing Services for Rights to Use Intellectual Property and Similar Products","	Jasa Lisensi Untuk Hak Penggunaan Properti Intelektual Dan Produk Sejenis" 
"	B","	13","	03","	01","	Licensing services for the right to use computer software/software and databases","	Jasa lisensi untuk hak penggunaan piranti/perangkat lunak komputer dan basis data" 
"	B","	13","	03","	02","	Licensing services for original entertainment, literary and artistic use rights","	Jasa lisensi untuk hak penggunaan hiburan, literatur dan artistik asli" 
"	B","	13","	03","	03","	Licensing services for the right to use research and development products","	Jasa lisensi untuk hak penggunaan produk penelitian dan pengembangan" 
"	B","	13","	03","	04","	Licensing services for the right to use trademarks and franchises","	Jasa lisensi untuk hak menggunakan merk dagang dan waralaba" 
"	B","	13","	03","	05","	Licensing services for the right to use mineral exploration and evaluation","	Jasa lisensi untuk hak menggunakan eksplorasi dan evaluasi mineral" 
"	B","	13","	03","	09","	Licensing services for rights to use other intellectual property products","	Jasa lisensi untuk hak menggunakan produk properti intelektual lainnya" 
"	B","	14","	00","	00","	Research and Development Services","	Jasa Penelitian Dan Pengembangan" 
"	B","	14","	01","	00","	Research and Experiment Development Services in Natural Sciences and Engineering","	Jasa Pengembangan Penelitian Dan Percobaan Dalam Ilmu Alam Dan Rekayasa" 
"	B","	14","	01","	01","	Research and experimental development services in the natural sciences","	Jasa pengembangan penelitian dan percobaan dalam ilmu alam" 
"	B","	14","	01","	02","	Research and experimental development services in engineering science and technology","	Jasa pengembangan penelitian dan percobaan dalam ilmu rekayasa dan teknologi" 
"	B","	14","	01","	03","	Research and experimental development services in medicine and pharmacy","	Jasa pengembangan penelitian dan percobaan dalam ilmu kedokteran dan farmasi" 
"	B","	14","	01","	04","	Research and experimental development services in agricultural science","	Jasa pengembangan penelitian dan percobaan dalam ilmu pertanian" 
"	B","	14","	02","	00","	Research and Experimental Development Services in Social Sciences And Humanities","	Jasa Pengembangan Penelitian Dan Percobaan Dalam Ilmu Sosial Dan Humaniora" 
"	B","	14","	02","	01","	Research and experimental development services in the social sciences","	Jasa pengembangan penelitian dan percobaan dalam ilmu sosial" 
"	B","	14","	02","	02","	Research and experimental development services in the humanities","	Jasa pengembangan penelitian dan percobaan dalam ilmu humaniora" 
"	B","	14","	03","	00","	Research and Experimental Development Services Between Branches of Science","	Jasa Pengembangan Penelitian Dan Peecobaan Antar Cabang Ilmu Pengetahuan" 
"	B","	14","	03","	01","	Research and experimental development services between branches of science","	Jasa pengembangan penelitian dan percobaan antar cabang ilmu pengetahuan" 
"	B","	14","	04","	00","	Original Research And Development","	Penelitian Dan Pengembangan Orisinil" 
"	B","	14","	04","	01","	Original Research And Development","	Penelitian Dan Pengembangan Orisinil" 
"	B","	15","	00","	00","	Legal and Accounting Services","	Jasa Hukum Dan Akuntansi" 
"	B","	15","	01","	00","	Legal Services","	Jasa Hukum" 
"	B","	15","	01","	01","	Advisory services and legal representation in terms of criminal law","	Jasa penasehat dan perwakilan hukum dalam hal hukum pidana" 
"	B","	15","	01","	02","	Advisory services and legal representation in other legal matters","	Jasa penasehat dan perwakilan hukum dalam hal hukum lainnya" 
"	B","	15","	01","	03","	Legal document and certificate creation services","	Jasa pembuatan dokumen dan sertifikat hukum" 
"	B","	15","	01","	09","	Other legal services","	Jasa hukum lainnya" 
"	B","	15","	02","	00","	Accounting, Financial Audit and Bookkeeping Services","	Jasa Akuntansi, Pemeriksaan Keuangan dan Pembukuan" 
"	B","	15","	02","	01","	Financial audit services","	Jasa pemeriksaan keuangan" 
"	B","	15","	02","	02","	Accounting and bookkeeping services","	Jasa akuntansi dan pembukuan" 
"	B","	15","	03","	00","	Tax Consultant Services and Preparation","	Jasa Konsultan Pajak dan Persiapannya" 
"	B","	15","	03","	01","	Business entity tax consulting services and their preparation","	Jasa konsultan pajak badan usaha dan persiapannya" 
"	B","	15","	03","	02","	Personal tax preparation and planning services","	Jasa persiapan pajak pribadi dan perencanaannya" 
"	B","	15","	04","	00","	Assistance Services for Bankrupt Businesses and Under Curator Supervision","	Jasa Bantuan untuk Usaha yang Bangkrut dan dalam Pengawasan Kurator" 
"	B","	15","	04","	01","	Assistance Services for Bankrupt Businesses and Under Curator Supervision","	Jasa Bantuan untuk Usaha yang Bangkrut dan dalam Pengawasan Kurator" 
"	B","	16","	00","	00","	Expert, Technical and Other Business Services","	Jasa Ahli, Teknis dan Jasa Bisnis Lainnya" 
"	B","	16","	01","	00","	Management Consulting Services and Management Services, Information Technology Services","	Jasa Konsultasi Manajemen dan Jasa Manajemen, Jasa Teknologi Informasi" 
"	B","	16","	01","	01","	Management consulting services and management services","	Jasa konsultasi manajemen dan jasa manajemen" 
"	B","	16","	01","	02","	Business consulting services","	Jasa konsultasi bisnis" 
"	B","	16","	01","	03","	Information technology support and consulting services","	Jasa pendukung dan konsultan teknologi informasi" 
"	B","	16","	01","	04","	Information technology design and development services","	Jasa desain dan pengembangan teknologi informasi" 
"	B","	16","	01","	05","	Hosting services and information technology infrastructure facilities","	Jasa penyediaan hosting dan sarana infrastruktur teknologi informasi" 
"	B","	16","	01","	09","	Other management services except construction project management","	Jasa manajemen lainnya kecuali manajemen proyek konstruksi" 
"	B","	16","	02","	00","	Architectural Services, Urban and Regional Planning Services, and Landscape Architecture Services","	Jasa Arsitektur, Jasa Perencanaan Perkotaan dan Wilayah, dan Jasa Arsitektur Pertamanan" 
"	B","	16","	02","	01","	Architectural services and architectural advisory services","	Jasa arsitektur dan jasa penasehat arsitektur" 
"	B","	16","	02","	02","	Urban and regional planning services","	Jasa perencanaan wilayah dan kota" 
"	B","	16","	02","	03","	Landscape architectural services","	Jasa arsitektur pertamanan" 
"	B","	16","	03","	00","	Technical Expertise Service","	Jasa Keahlian Teknik" 
"	B","	16","	03","	01","	Technical expertise advisory services","	Jasa penasehat keahlian teknik" 
"	B","	16","	03","	02","	Technical expertise services for special projects","	Jasa keahlian teknik untuk proyek khusus" 
"	B","	16","	03","	03","	Project management services for construction projects","	Jasa manajemen proyek untuk proyek konstruksi" 
"	B","	16","	04","	00","	Other Science and Engineering Services","	Jasa Ilmu Pengetahuan dan Teknik Lainnya" 
"	B","	16","	04","	01","	Geology, geophysics and other ore search services","	Jasa ilmu geologi, geofisika, dan pencarian bijih lainnya" 
"	B","	16","	04","	02","	Land surface research and map making services","	Jasa penelitian permukaan tanah dan pembuatan peta" 
"	B","	16","	04","	03","	Weather forecasting and weather meteorology services","	Jasa peramalan cuaca dan meteoorologi cuaca" 
"	B","	16","	04","	04","	Technical analysis and test services","	Jasa analisis dan uji teknis" 
"	B","	16","	05","	00","	Veterinary Services","	Jasa Kedokteran Hewan" 
"	B","	16","	05","	01","	Veterinary services for pets","	Jasa kedokteran hewan untuk hewan peliharaan" 
"	B","	16","	05","	02","	Veterinary services for farm animals","	Jasa kedokteran hewan untuk hewan ternak" 
"	B","	16","	05","	09","	Other veterinary services","	Jasa kedokteran hewan lainnya" 
"	B","	16","	06","	00","	Advertising Services and Provision of Place or Time for Advertising","	Jasa Periklanan dan Jasa Penyediaan Tempat atau Waktu untuk Iklan" 
"	B","	16","	06","	01","	Advertising services","	Jasa periklanan" 
"	B","	16","	06","	02","	Purchase or sale of place or time for advertising","	Pembelian atau penjualan tempat atau waktu untuk iklan" 
"	B","	16","	06","	03","	Buying and selling services for advertising places or times, except with commissions/rewards","	Jasa pembelian dan penjualan tempat atau waktu iklan, kecuali dengan komisi/balas jasa" 
"	B","	16","	07","	00","	Market Research and Community Polling Services","	Jasa Penelitian Pasar dan Jajak Pendapat Masyarakat" 
"	B","	16","	07","	01","	Market Research and Community Polling Services","	Jasa Penelitian Pasar dan Jajak Pendapat Masyarakat" 
"	B","	16","	08","	00","	Photography and Result Printing Services","	Jasa Fotografi dan Pencetakan Hasilnya" 
"	B","	16","	08","	01","	Photography and video documentation services","	Jasa fotografi dan dokumentasi video" 
"	B","	16","	08","	02","	Photography process service","	Jasa proses fotografi" 
"	B","	16","	09","	00","	Expert Services, Engineering and Other Business","	Jasa Ahli, Teknik dan Bisnis Lainnya" 
"	B","	16","	09","	01","	Custom design services","	Jasa desain khusus" 
"	B","	16","	09","	02","	Original design","	Desain asli" 
"	B","	16","	09","	03","	Science and engineering consulting services","	Jasa konsultan ilmu pengetahuan dan ilmu teknik, ytdl" 
"	B","	16","	09","	04","	Original collection of information","	Kumpulan informasi asli" 
"	B","	16","	09","	05","	Translation and interpretation services","	Jasa penerjemah dan interpretasi" 
"	B","	16","	09","	06","	Trademark and trade rights services","	Jasa merk dagang dan hak perdagangan" 
"	B","	16","	09","	09","	All other expert, technical and business services ytdl","	Semua jasa ahli, teknis dan jasa bisnis lainnya ytdl" 
"	B","	17","	00","	00","	Telecommunication Services, Broadcasting and Information Provision","	Jasa Telekomunikasi, Penyiaran dan Penyediaan Informasi" 
"	B","	17","	01","	00","	Telephone Services and Other Telecommunication Equipment","	Jasa Telepon dan Alat-Alat Telekomunikasi Lainnya" 
"	B","	17","	01","	01","	service center","	Pusat layanan" 
"	B","	17","	01","	02","	Fixed telephone services (telephony that cannot be carried anywhere)","	Jasa telefoni tidak bergerak (telefoni yang tidak bisa dibawa kemana-mana)" 
"	B","	17","	01","	03","	Mobile telecommunications equipment services","	Jasa alat telekomunikasi yang bergerak" 
"	B","	17","	01","	04","	Private network service","	Jasa jaringan pribadi" 
"	B","	17","	01","	05","	Data transmission services","	Jasa transmisi data" 
"	B","	17","	01","	09","	Other telecommunication services","	Jasa telekomunikasi lainnya" 
"	B","	17","	02","	00","	Internet Telecommunication Equipment Service","	Jasa Alat Telekomunikasi Internet" 
"	B","	17","	02","	01","	Internet server service","	Jasa server internet" 
"	B","	17","	02","	02","	Internet access service","	Jasa akses internet" 
"	B","	17","	02","	09","	Other internet services","	Jasa internet lainnya" 
"	B","	17","	03","	00","	Credit and Starter Card Sales Services","	Jasa Penjualan Pulsa dan Kartu Perdana" 
"	B","	17","	03","	01","	Credit and Starter Card Sales Services","	Jasa Penjualan Pulsa dan Kartu Perdana" 
"	B","	17","	04","	00","	News Agency Services","	Jasa Agen Berita" 
"	B","	17","	04","	01","	News agency services in the form of newspapers and magazines.","	Jasa agen berita berupa koran dan majalah." 
"	B","	17","	04","	02","	News agency services for audiovisual/television media","	Jasa agen berita untuk media audiovisual/televisi" 
"	B","	17","	05","	00","	Library Services and Document Storage (Archiving)","	Jasa Perpustakaan dan Tempat Penyimpanan Dokumen (Pengarsipan)" 
"	B","	17","	05","	01","	Library services","	Jasa perpustakaan" 
"	B","	17","	05","	02","	Document storage (archiving) services","	Jasa tempat penyimpanan dokumen (pengarsipan)" 
"	B","	17","	06","	00","	Broadcasting, Programming and Program Distribution Services","	Jasa Penyiaran, Pemrograman Dan Distribusi Program" 
"	B","	17","	06","	01","	Original radio and television broadcasts","	Siaran radio dan televisi asli" 
"	B","	17","	06","	02","	Radio and television broadcast channel programs","	Program saluran siaran radio dan televisi" 
"	B","	17","	06","	03","	Broadcasting services and program distribution services with multiple channels","	Jasa penyiaran dan jasa distribusi program dengan banyak saluran" 
"	B","	18","	00","	00","	Support Services","	Jasa Pendukung" 
"	B","	18","	01","	00","	Employment Services","	Jasa Ketenagakerjaan" 
"	B","	18","	01","	01","	Search and delivery services for personnel (to companies)","	Jasa pencarian dan penyerahan personil (ke perusahaan)" 
"	B","	18","	01","	02","	Labor supply services","	Jasa penyediaan tenaga kerja" 
"	B","	18","	02","	00","	Investigation and Security Services","	Jasa Penyelidikan Dan Keamanan" 
"	B","	18","	02","	01","	Investigation services","	Jasa penyelidikan" 
"	B","	18","	02","	02","	Security consulting services","	Jasa konsultan keamanan" 
"	B","	18","	02","	03","	Security system services","	Jasa sistem keamanan" 
"	B","	18","	02","	04","	Armored vehicle services","	Jasa kendaraan lapis baja" 
"	B","	18","	02","	05","	Care service","	Jasa penjagaan" 
"	B","	18","	02","	09","	Other security services","	Jasa keamanan lainnya" 
"	B","	18","	03","	00","	Cleaning Service","	Jasa Kebersihan" 
"	B","	18","	03","	01","	Pest and extermination services (insects)","	Jasa pembasmian hama dan pemusnahan (serangga)" 
"	B","	18","	03","	02","	Window cleaning service","	Jasa kebersihan jendela" 
"	B","	18","	03","	03","	General cleaning service","	Jasa kebersihan umum" 
"	B","	18","	03","	04","	Special cleaning service","	Jasa kebersihan khusus" 
"	B","	18","	04","	00","	Packing Service","	Jasa Pengepakan" 
"	B","	18","	04","	01","	Packing Service","	Jasa Pengepakan" 
"	B","	18","	05","	00","	Tour Planning Services, Tour Officers and Other Related Matters","	Jasa Perencanaan Wisata, Petugas Wisata dan Hal-Hal Lain Yang Berhubungan" 
"	B","	18","	05","	01","	Transportation booking/reservation services","	Jasa pemesanan/reservasi angkutan" 
"	B","	18","	05","	02","	Accommodation booking/reservation services, cruises/cruises and tour packages","	Jasa pemesanan/reservasi akomodasi, pelayaran/pesiar dan paket wisata" 
"	B","	18","	05","	03","	Other booking/reservation services","	Jasa pemesanan/reservasi lainnya" 
"	B","	18","	05","	04","	Tour attendant services","	Jasa petugas wisata" 
"	B","	18","	05","	05","	Tour guide services","	Jasa pemandu wisata" 
"	B","	18","	05","	06","	Tourism promotion services and visitor information","	Jasa promosi wisata dan informasi pengunjung" 
"	B","	18","	09","	00","	Other Support Services","	Jasa Pendukung Lainnya" 
"	B","	18","	09","	01","	Credit report service","	Jasa laporan kredit" 
"	B","	18","	09","	02","	Collection agency services","	Jasa agen pengumpulan" 
"	B","	18","	09","	03","	Support services by telephone","	Jasa pendukung dengan telepon" 
"	B","	18","	09","	04","	Mixed office administration services","	Jasa administrasi kantor campuran" 
"	B","	18","	09","	05","	Special office support services","	Jasa pendukung kantor khusus" 
"	B","	18","	09","	06","	Assistance/assistance and organizing services for meetings/conventions","	Jasa bantuan/asistensi dan pengorganisasian untuk rapat/konvensi" 
"	B","	18","	09","	07","	Landscape maintenance and care services (nature)","	Jasa pemeliharaan dan perawatan pemandangan (alam)" 
"	B","	18","	09","	09","	Support services and other information","	Jasa pendukung dan informasi lainnya, ytdl" 
"	B","	19","	00","	00","	Support Services for Agriculture, Hunting, Forestry, Fisheries, Mining and Other Purposes","	Jasa Pendukung untuk Pertanian, Perburuan, Kehutanan, Perikanan, Pertambangan dan Keperluan Lain" 
"	B","	19","	01","	00","	Support Services for Agriculture, Hunting, Forestry and Fisheries","	Jasa Pendukung untuk Pertanian, Perburuan, Kehutanan dan Perikanan" 
"	B","	19","	01","	01","	Support services for crop production","	Jasa pendukung untuk produksi hasil panen" 
"	B","	19","	01","	02","	Animal husbandry services","	Jasa peternakan hewan" 
"	B","	19","	01","	03","	Support services for hunting","	Jasa pendukung untuk perburuan" 
"	B","	19","	01","	04","	Support services for forestry and logging","	Jasa pendukung untuk kehutanan dan penebangan kayu" 
"	B","	19","	01","	05","	Support services for fisheries","	Jasa pendukung untuk perikanan" 
"	B","	19","	02","	00","	Support Services for Mining","	Jasa Pendukung untuk Pertambangan" 
"	B","	19","	02","	01","	Support Services for Mining","	Jasa Pendukung untuk Pertambangan" 
"	B","	19","	03","	00","	Support Services for Electricity, Gas and Water Distribution","	Jasa Pendukung untuk Distribusi Listrik, Gas dan Air" 
"	B","	19","	03","	01","	Support services for electricity distribution and transmission","	Jasa pendukung untuk distribusi dan transmisi listrik" 
"	B","	19","	03","	02","	Gas distribution services through gas sources (on a fee or contract basis)","	Jasa distribusi gas melalui sumber gas (atas dasar biaya atau kontrak)" 
"	B","	19","	03","	03","	Water distribution services through water sources (on a fee or contract basis)","	Jasa distribusi air melalui sumber air (atas dasar biaya atau kontrak)" 
"	B","	19","	03","	04","	Distribution services of steam, hot water and air conditioning (AC) supplies through the source (on a fee or contract basis)","	Jasa distribusi persediaan uap, air panas dan pendingin ruangan (AC) melalui sumbernya (atas dasar biaya atau kontrak)" 
"	B","	19","	03","	05","	Water distribution services, except through water sources (on a fee or contract basis)","	Jasa distribusi air, kecuali melalui sumber air (atas dasar biaya atau kontrak) " 
"	B","	20","	00","	00","	Maintenance, Repair and Installation Services (except Construction)","	Jasa Perawatan, Perbaikan dan Instalasi (kecuali Konstruksi)" 
"	B","	20","	01","	00","	Maintenance and Repair Services for Prefab Metal Products, except Machinery and Equipment","	Jasa Perawatan dan Perbaikan Produk-Produk Logam Pabrikan, kecuali Mesin-Mesin dan Peralatan" 
"	B","	20","	01","	01","	Maintenance and repair services for manufactured metal products, except machinery and equipment","	Jasa perawatan dan perbaikan produk-produk logam pabrikan, kecuali mesin-mesin dan peralatan" 
"	B","	20","	01","	02","	Maintenance and repair services for office machines and calculating machines","	Jasa perawatan dan perbaikan mesin kantor dan mesin hitung" 
"	B","	20","	01","	03","	Computer maintenance and repair services and computer spare parts","	Jasa perawatan dan perbaikan komputer dan suku cadang komputer" 
"	B","	20","	01","	04","	Maintenance and repair services for transportation/transportation machines and equipment","	Jasa perawatan dan perbaikan mesin transportasi/angkutan dan peralatannya" 
"	B","	20","	01","	05","	Maintenance and repair services for other machines and equipment","	Jasa perawatan dan perbaikan mesin-mesin dan peralatan lainnya" 
"	B","	20","	02","	00","	Other Goods Repair Service","	Jasa Perbaikan Barang-Barang Lainnya" 
"	B","	20","	02","	01","	Footwear and leather goods repair services","	Jasa perbaikan alas kaki dan barang-barang dari kulit" 
"	B","	20","	02","	02","	Watch repair services, wall clocks and jewelry items","	Jasa perbaikan jam tangan, jam dinding dan barang-barang perhiasan" 
"	B","	20","	02","	03","	Clothing and household textile goods repair services","	Jasa perbaikan pakaian dan barang tekstil rumah tangga" 
"	B","	20","	02","	04","	Furniture repair services","	Jasa perbaikan barang-barang mebel" 
"	B","	20","	02","	09","	Other goods maintenance and repair services","	Jasa perawatan dan perbaikan barang lainnya ytdl" 
"	B","	20","	03","	00","	Installation Services (other than Construction)","	Jasa Instalasi (selain Konstruksi)" 
"	B","	20","	03","	01","	Installation services of manufactured metal products, except machinery and equipment","	Jasa instalasi produk-produk logam pabrikan, kecuali mesin dan peralatan" 
"	B","	20","	03","	02","	Industrial machinery and equipment installation services, manufacturing and industrial services","	Jasa instalasi mesin dan peralatan industri, manufaktur dan jasa industri" 
"	B","	20","	03","	03","	Installation services for office machines and calculating machines and computers","	Jasa instalasi mesin-mesin kantor dan mesin hitung dan komputer" 
"	B","	20","	03","	04","	Installation services for radio, television, and other communication equipment and equipment","	Jasa instalasi peralatan dan perlengkapan radio, televisi, dan alat komunikasi lainnya" 
"	B","	20","	03","	05","	Professional medical machine installation services and equipment, precision tools and optics","	Jasa instalasi mesin kedokteran profesional dan peralatannya, alat-alat presisi dan optik" 
"	B","	20","	03","	06","	Electrical machinery and equipment installation services","	Jasa instalasi mesin dan perlengkapan listrik ytdl" 
"	B","	20","	03","	09","	Other goods installation services,","	Jasa instalasi barang-barang lain, ytdl" 
"	B","	21","	00","	00","	Processing/Manufacturing Services with Inputs from Other Industries","	Jasa Pengolahan/Pembuatan dengan Input dari Industri Lain" 
"	B","	21","	01","	00","	Food, Beverage and Tobacco Processing Services","	Jasa Pengolahan Makanan, Minuman Dan Tembakau" 
"	B","	21","	01","	01","	Meat processing service","	Jasa pengolahan daging" 
"	B","	21","	01","	02","	Fish processing services","	Jasa pengolahan ikan" 
"	B","	21","	01","	03","	Fruit and vegetable processing services","	Jasa pengolahan buah dan sayuran" 
"	B","	21","	01","	04","	Oil and fat processing services from plants and animals","	Jasa pengolahan minyak dan lemak dari tumbuhan dan hewan" 
"	B","	21","	01","	05","	Product processing services made from milk","	Jasa pengolahan produk yang terbuat dari susu" 
"	B","	21","	01","	06","	Other food product processing services","	Jasa pengolahan produk makanan lainnya" 
"	B","	21","	01","	07","	Pet food processing services","	Jasa pengolahan makanan hewan" 
"	B","	21","	01","	08","	Beverage processing services","	Jasa pengolahan minuman" 
"	B","	21","	01","	09","	Tobacco processing services","	Jasa pengolahan tembakau" 
"	B","	21","	02","	00","	Textile, Apparel and Leather Products Processing Services","	Jasa Pengolahan Tekstil, Pakaian Jadi Dan Produk Kulit (Maklon)" 
"	B","	21","	02","	01","	Textile processing services","	Jasa pengolahan tekstil" 
"	B","	21","	02","	02","	Garment making services","	Jasa pembuatan pakaian jadi" 
"	B","	21","	02","	03","	Leather services and goods made of leather","	Jasa pembuatan kulit dan barang-barang yang terbuat dari kulit" 
"	B","	21","	03","	00","	Wood and Paper Processing Services","	Jasa Pengolahan Kayu dan Kertas" 
"	B","	21","	03","	01","	Wood processing services and wood products","	Jasa pengolahan kayu dan produk kayu" 
"	B","	21","	03","	02","	Paper processing services and goods made of paper","	Jasa pengolahan kertas dan barang-barang yang terbuat dari kertas" 
"	B","	21","	04","	00","	Oil Products, Chemicals and Pharmaceutical Products Processing Services","	Jasa Pengolahan Produk Minyak, Bahan Kimia dan Barang-Barang Farmasi" 
"	B","	21","	04","	01","	Processing services for products from charcoal and refined oil","	Jasa pengolahan produk dari arang dan minyak sulingan" 
"	B","	21","	04","	02","	Manufacturing services for chemical products","	Jasa pembuatan produk-produk dari bahan kimia" 
"	B","	21","	04","	03","	Manufacturing services of pharmaceutical goods","	Jasa pembuatan produk dari barang-barang farmasi" 
"	B","	21","	05","	00","	Manufacturing Services for Rubber and Plastic Products, and Non-Metal Mining Products","	Jasa Pembuatan Produk Karet Dan Plastik, Dan Produk Barang Tambang Bukan Logam" 
"	B","	21","	05","	01","	Rubber and plastic product manufacturing services","	Jasa pembuatan produk karet dan plastik" 
"	B","	21","	05","	02","	Plastic product manufacturing services","	Jasa pembuatan produk dari plastik" 
"	B","	21","	05","	03","	Non-metal mining product manufacturing services","	Jasa pembuatan produk barang tambang bukan logam" 
"	B","	21","	06","	00","	Base Metal Manufacturing Services","	Jasa Pembuatan Logam Dasar" 
"	B","	21","	06","	01","	Base Metal Manufacturing Services","	Jasa Pembuatan Logam Dasar" 
"	B","	21","	07","	00","	Metal Manufacturing Services, Machinery and Other Equipment","	Jasa Pembuatan Logam Pabrikan, Mesin Dan Peralatan Lainnya" 
"	B","	21","	07","	01","	Manufacture of structural metal products, tanks, water reservoirs and steam generators","	Jasa pembuatan produk logam berstruktur, tangki, tandon air dan generator uap" 
"	B","	21","	07","	02","	Weapons and ammunition manufacturing services","	Jasa pembuatan senjata dan amunisi" 
"	B","	21","	07","	03","	Manufacturing and maintenance services for other prefab metal products","	Jasa pembuatan dan perawatan produk logam pabrikan lainnya" 
"	B","	21","	07","	04","	Computer manufacturing services, electronic goods and optical goods","	Jasa pembuatan komputer, barang elektronik dan barang optik" 
"	B","	21","	07","	05","	Electrical tools manufacturing services","	Jasa pembuatan alat-alat listrik" 
"	B","	21","	07","	06","	Versatile machine manufacturing services","	Jasa pembuatan mesin serbaguna" 
"	B","	21","	07","	07","	Special machinery manufacturing services","	Jasa pembuatan mesin-mesin khusus" 
"	B","	21","	08","	00","	Transportation Equipment Manufacturing Services","	Jasa Pembuatan Alat-Alat Transportasi/Angkutan" 
"	B","	21","	08","	01","	Motor vehicle and trailer manufacturing services","	Jasa pembuatan kendaraan bermotor dan trailer" 
"	B","	21","	08","	02","	Services for the manufacture of other means of transportation/transportation","	Jasa pembuatan alat-alat transportasi/angkutan lainnya" 
"	B","	21","	09","	00","	Other Goods Manufacturing Services","	Jasa Pembuatan Barang-Barang Lainnya" 
"	B","	21","	09","	01","	Other Goods Manufacturing Services","	Jasa Pembuatan Barang-Barang Lainnya" 
"	B","	22","	00","	00","	Other Goods Manufacturing Services Publishing, Printing and Production Services Tools Repair Services","	Jasa Pembuatan Barang-Barang Lainnya Jasa Penerbitan, Percetakan dan Produksi Jasa Perbaikan Alat-Alat" 
"	B","	22","	01","	00","	Publishing, Printing and Reproduction Services","	Jasa Penerbitan, Percetakan Dan Produksi Ulang" 
"	B","	22","	01","	01","	Publishing services on a fee or contract basis","	Jasa penerbitan atas dasar balas jasa atau kontrak" 
"	B","	22","	01","	02","	Printing and reproduction services of recording media, on a fee or contract basis","	Jasa percetakan dan produksi ulang dari media perekam, atas dasar balas jasa atau kontrak" 
"	B","	22","	02","	00","	Printing, pressing, stamping and similar plastic manufacturing services","	Jasa percetakan, pressing/pemgepresan, pengecapan dan jasa pembuatan plastik sejenis" 
"	B","	22","	02","	01","	Printing, pressing, stamping and similar plastic manufacturing services","	Jasa percetakan, pressing/pemgepresan, pengecapan dan jasa pembuatan plastik sejenis" 
"	B","	22","	03","	00","	Selection, Forging, Stamping and Manufacturing of Similar Metal Products","	Jasa Pemilihan, Penempaan, Pengecapan dan Pembuatan Barang-Barang Logam Sejenis" 
"	B","	22","	03","	01","	Iron and steel selection services","	Jasa pemilihan besi dan baja" 
"	B","	22","	03","	02","	Non-ferrous metals selection service","	Jasa pemilihan logam-logam bukan besi" 
"	B","	22","	03","	03","	Metallurgical services such as forging, pressing, roll forming and metal powder manufacturing","	Jasa metalurgi seperti penempaan, pressing/pengepresan, pembentukan gulungan dan pembuatan bubuk logam" 
"	B","	22","	04","	00","	Goods Recycling Services, on a Compensation or Contract Basis","	Jasa Daur Ulang Barang-Barang, atas Dasar Balas Jasa atau Kontrak" 
"	B","	22","	04","	01","	Waste and scrap metal recycling services, on a fee or contract basis","	Jasa daur ulang limbah dan sisaan logam, atas dasar balas jasa atau kontrak" 
"	B","	22","	04","	02","	Non-metal waste and scrap recycling services, on a fee or contract basis","	Jasa daur ulang limbah dan sisaan non-logam, atas dasar balas jasa atau kontrak" 
"	B","	23","	00","	00","	Public Administration Services and Other Services for the Community, Mandatory Social Security Services","	Jasa Administrasi Publik dan Jasa Lainnya untuk Masyarakat, Jasa Jaminan Sosial Wajib" 
"	B","	23","	01","	00","	Government Administration Services","	Jasa Administrasi Pemerintahan" 
"	B","	23","	01","	01","	Overall general government services","	Jasa pemerintahan umum secara keseluruhan" 
"	B","	23","	01","	02","	Public administration services that provide education, health, cultural and other social services, in addition to community social security services","	Jasa administrasi publik yang menyediakan layanan pendidikan, kesehatan, kebudayaan dan jasa sosial lainnya, selain jasa jaminan sosial masyarakat" 
"	B","	23","	01","	03","	General administrative services related to a more efficient way of working","	Jasa administrasi umum yang berhubungan dengan cara kerja yang lebih efisien" 
"	B","	23","	01","	09","	Other government administration services","	Jasa administrasi pemerintahan lainnya" 
"	B","	23","	02","	00","	General Administration Services Provided to the General Community as a whole","	Jasa Administrasi Umum yang Disediakan untuk Komunitas Masyarakat Umum Secara Keseluruhan" 
"	B","	23","	02","	01","	General administrative services related to foreign administrative affairs, overseas diplomats and consulate services","	Jasa administrasi umum yang berhubungan dengan urusan administrasi luar negeri, jasa diplomat dan konsulat lar negeri" 
"	B","	23","	02","	02","	Services related to foreign economic assistance","	Jasa yang berhubungan dengan bantuan ekonomi luar negeri" 
"	B","	23","	02","	03","	Services related to foreign military assistance","	Jasa yang berhubungan dengan bantuan militer luar negeri" 
"	B","	23","	02","	04","	Military defense services","	Jasa pertahanan militer" 
"	B","	23","	02","	05","	Civil defense services","	Jasa pertahanan sipil" 
"	B","	23","	02","	06","	Police and fire services","	Jasa polisi dan pemadam kebakaran" 
"	B","	23","	02","	07","	General administrative services related to courts of law","	Jasa administrasi umum yang berhubungan dengan pengadilan hukum" 
"	B","	23","	02","	08","	General administrative services related to the detention and rehabilitation of prisoners/criminals","	Jasa administrasi umum yang berhubungan dengan penahanan dan rehabilitasi narapidana/pelaku tindak kejahatan" 
"	B","	23","	02","	09","	General administrative services related to safety and community affairs","	Jasa administrasi umum yang berhubungan dengan urusan keselamatan dan tatanan masyarakat" 
"	B","	23","	03","	00","	Administrative Services Related to the Mandatory Social Security Scheme","	Jasa Administrasi yang Berhubungan dengan Skema Jaminan Sosial Wajib" 
"	B","	23","	03","	01","	Administrative services related to maternity disease or compensation for disability","	Jasa administrasi yang berhubungan dengan penyakit persalinan atau ganti rugi atas cacat tubuh" 
"	B","	23","	03","	02","	Administrative services related to civil servant pension schemes old age disability or benefit schemes for non-public servants'' heirs","	Jasa administrasi yang berhubungan dengan skema pensiun pegawai negeri ketidakmampuan usia lanjut atau skema manfaat ahli waris selain pegawai negeri " 
"	B","	23","	03","	03","	Administrative services related to the provision of severance pay (compensation funds) for the dismissal of workers","	Jasa administrasi yang berhubungan dengan pemberian pesangon (dana kompensasi) untuk pemberhentian pekerja" 
"	B","	23","	03","	04","	Administrative services related to the benefits program for families and children","	Jasa administrasi yang berhubungan dengan program tunjangan untuk keluarga dan anak" 
"	B","	24","	00","	00","	Education Services","	Jasa Pendidikan" 
"	B","	24","	01","	00","	Pre-Primary Education Services","	Jasa Pendidikan Pra-Sekolah Dasar (SD)" 
"	B","	24","	01","	01","	Pre-Primary Education Services","	Jasa Pendidikan Pra-Sekolah Dasar (SD)" 
"	B","	24","	02","	00","	Elementary School Education Services","	Jasa Pendidikan Sekolah Dasar (SD)" 
"	B","	24","	02","	01","	Elementary School Education Services","	Jasa Pendidikan Sekolah Dasar (SD)" 
"	B","	24","	03","	00","	High School Education Services","	Jasa Pendidikan Sekolah Menengah" 
"	B","	24","	03","	01","	Junior High School education services, general","	Jasa pendidikan Sekolah Menengah Pertama (SMP), umum" 
"	B","	24","	03","	02","	Junior High School, technical and vocational education services","	Jasa pendidikan Sekolah Menengah Pertama, teknik dan kejuruan" 
"	B","	24","	03","	03","	High School education services, general","	Jasa pendidikan Sekolah Menengah Atas (SMA), umum" 
"	B","	24","	03","	04","	High School, technical and vocational education services","	Jasa pendidikan Sekolah Menengah Atas (SMA), teknik dan kejuruan" 
"	B","	24","	04","	00","	Non-Tertiary Post-Secondary Education Services","	Jasa Pendidikan Paska-Pendidikan Menengah Non Tersier" 
"	B","	24","	04","	01","	Non-tertiary, general post-secondary education services","	Jasa pendidikan paska-pendidikan menengah non tersier, umum" 
"	B","	24","	04","	02","	Non-tertiary, technical and vocational post-secondary education services","	Jasa pendidikan paska-pendidikan menengah non tersier, teknik dan kejuruan" 
"	B","	24","	05","	00","	Tertiary Education Services","	Jasa Pendidikan Tersier" 
"	B","	24","	05","	01","	First level tertiary education services","	Jasa pendidikan tersier tingkat pertama" 
"	B","	24","	05","	02","	Second level tertiary education services","	Jasa pendidikan tersier tingkat kedua" 
"	B","	24","	09","	00","	Other Education Services (Informal) and Other Training/Courses and Education Support Services","	Jasa Pendidikan Lain (Informal) Dan Pelatihan/Kursus Lainnya Serta Jasa Pendukung Pendidikan" 
"	B","	24","	09","	01","	Education and training services/other courses","	Jasa pendidikan dan pelatihan/kursus lainnya" 
"	B","	24","	09","	02","	Education support services","	Jasa pendukung pendidikan" 
"	B","	25","	00","	00","	Public Health Services and Humanitarian Social Organizations","	Jasa Kesehatan Masyarakat Dan Organisasi Sosial Kemanusiaan" 
"	B","	25","	01","	00","	Public Health Services","	Jasa Kesehatan Masyarakat" 
"	B","	25","	01","	01","	Inpatient services","	Jasa pasien rawat inap" 
"	B","	25","	01","	02","	Medical and dental services","	Jasa kedokteran dan kedokteran gigi" 
"	B","	25","	01","	09","	Other public health services","	Jasa kesehatan masyarakat lainnya" 
"	B","	25","	02","	00","	Inpatient/Orphanage Institutional Services for the Elderly (Orphanage) and People with Disabilities","	Jasa Institusi Rawat Inap/Panti Untuk Orang Tua (Panti Jompo) Dan Orang Cacat" 
"	B","	25","	02","	01","	Health services other than hospitals","	Jasa kesehatan selaian rumah sakit" 
"	B","	25","	02","	02","	Inpatient/orphanage institution services for the elderly (nursing homes) and people with disabilities","	Jasa institusi rawat inap/panti untuk orang tua (panti jompo) dan orang yang memiliki cacat" 
"	B","	25","	03","	00","	Other Social Services With Accommodation","	Jasa Sosial Lainnya Dengan Akomodasi" 
"	B","	25","	03","	01","	Other Social Services With Accommodation","	Jasa Sosial Lainnya Dengan Akomodasi" 
"	B","	25","	04","	00","	Social Services Without Accommodation for Elderly and Disabled People","	Jasa Sosial Tanpa Akomodasi Untuk Orang Tua Dan Orang Cacat" 
"	B","	25","	04","	01","	Shelter/rehabilitation services","	Jasa tempat penampungan/rehabilitasi" 
"	B","	25","	04","	09","	Other social services without accommodation for the elderly and disabled","	Jasa sosial lainnya tanpa akomodasi untuk orang tua dan orang cacat" 
"	B","	25","	05","	00","	Social Services Without Other Accommodation","	Jasa Sosial Tanpa Akomodasi Lainnya" 
"	B","	25","	05","	01","	Daily babysitting service","	Jasa peniitipan anak harian" 
"	B","	25","	05","	02","	Guidance and counseling services relating to children","	Jasa pengarahan dan konseling yang berhubungan dengan anak-anak, ytdl" 
"	B","	25","	05","	03","	Welfare services without accommodation","	Jasa kesejahteraan tanpa akomodasi" 
"	B","	25","	05","	09","	Other social services without accommodation","	Jasa sosial lainnya tanpa akkomodasi ytdl" 
"	B","	26","	00","	00","	Dirt and Waste Collection Services, Processing and Disposal and Other Environmental Protection Services","	Jasa Pengumpulan Kotoran Dan Limbah, Pengolahan Dan Pembuanagnnya Serta Jasa Perlindungan Lingkungan Lainnya" 
"	B","	26","	01","	00","	Sewerage, Sewage Treatment and Septic Tank Cleaning Services","	Jasa Pembuangan Kotoran, Pengolahan Kotoran Dan Pembersihan Tangki Septik" 
"	B","	26","	01","	01","	Sewage disposal and treatment services","	Jasa pembuangan dan pengolahan kotoran" 
"	B","	26","	01","	02","	Septic tank emptying and cleaning services","	Jasa pengosongan dan pembersihan tangki septik" 
"	B","	26","	02","	00","	Waste Collection Services","	Jasa Pengumpulan Limbah" 
"	B","	26","	02","	01","	Hazardous waste collection services","	Jasa pengumpulan limbah berbahaya" 
"	B","	26","	02","	02","	Recyclable and harmless collection services","	Jasa pengumpulan zat yang dapat didaur ulang dan tidak berbahaya" 
"	B","	26","	02","	03","	Garbage collection service","	Jasa pengumpulan sampah" 
"	B","	26","	03","	00","	Waste Disposal and Processing Services","	Jasa Pembuangan Dan Pengolahan Sampah" 
"	B","	26","	03","	01","	Garbage preparation, collection and storage services","	Jasa penyiapan, pengumpulan dan penyimpanan sampah" 
"	B","	26","	03","	02","	Waste management and disposal services containing hazardous substances","	Jasa pengolahan dan pembuangan sampah yang mengandung zat berbahaya" 
"	B","	26","	03","	03","	Non-hazardous waste processing and disposal services","	Jasa pengolahan dan pembuangan sampah yang tidak berbahaya" 
"	B","	26","	04","	00","	Repair services","	Jasa Perbaikan" 
"	B","	26","	04","	01","	Room/room repair and cleaning services","	Jasa perbaikan dan pembersihan tempat/ruangan" 
"	B","	26","	04","	02","	Detention, supervision and monitoring/monitoring services and other place/room repair services ytdl","	Jasa penahanan, pengawasan dan pemantauan/monitoring dan jasa perbaikan tempat/ruangan lainnya ytdl" 
"	B","	26","	04","	03","	Building repair services","	Jasa perbaikan gedung" 
"	B","	26","	04","	09","	Other repair services","	Jasa perbaikan lainnya, ytdl" 
"	B","	26","	05","	00","	Sanitation Services and other similar things","	Jasa Sanitasi Dan Hal Sejenisnya" 
"	B","	26","	05","	01","	Snow sweeping and cleaning services","	Jasa penyapuan dan pembersihan salju" 
"	B","	26","	05","	09","	Other sanitation services","	Jasa sanitasi lainnya" 
"	B","	26","	09","	00","	Other Environmental Protection Services","	Jasa Perlindungan Lingkungan Lainnya" 
"	B","	26","	09","	01","	Other Environmental Protection Services","	Jasa Perlindungan Lingkungan Lainnya" 
"	B","	27","	00","	00","	Organization Membership Service","	Jasa Keanggotaan Organisasi" 
"	B","	27","	01","	00","	Services Provided By Companies, Worker Organizations And Professional Organizations","	Jasa Yang Disediakan Oleh Perusahaan, Organisasi Pekerja Dan Organisasi Profesional" 
"	B","	27","	01","	01","	Services provided by employers and workers'' organizations","	Jasa yang disediakan oleh perusahaan dan organisasi pekerja" 
"	B","	27","	01","	02","	Services provided by professional organizations","	Jasa yang disediakan oleh organisasi profesional" 
"	B","	27","	02","	00","	Services Provided By Trade Unions","	Jasa Yang Disediakan Oleh Serikat Perdagangan" 
"	B","	27","	02","	01","	Services Provided By Trade Unions","	Jasa Yang Disediakan Oleh Serikat Perdagangan" 
"	B","	27","	09","	00","	Services Provided By Other Member Organizations","	Jasa Yang Disediakan Oleh Keanggotaan Organisasi Lainnya" 
"	B","	27","	09","	01","	Religious services","	Jasa keagamaan" 
"	B","	27","	09","	02","	Services provided by political organizations","	Jasa yang disediakan oleh organisasi politik" 
"	B","	27","	09","	09","	Services provided by membership of other organizations","	Jasa yang disediakan keanggotaan organisasi lainnya, ytdl" 
"	B","	28","	00","	00","	Tourism, Culture and Sports Services","	Jasa Pariwisata, Kebudayaan Dan Olahraga" 
"	B","	28","	01","	00","	Audiovisual Services","	Jasa Audiovisual" 
"	B","	28","	01","	01","	Voice recording service","	Jasa perekaman suara" 
"	B","	28","	01","	02","	Production services for motion pictures, video tapes, television and radio programs","	Jasa produksi gambar bergerak, video tape, program televisi dan radio" 
"	B","	28","	01","	03","	Audiovisual post-production services","	Jasa paska produksi audiovisual" 
"	B","	28","	01","	04","	Distribution services for motion pictures, video tapes and television programs","	Jasa distribusi gambar bergerak, video tape dan program televisi" 
"	B","	28","	01","	05","	Moving image projection services","	Jasa proyeksi gambar bergerak" 
"	B","	28","	02","	00","	Presentation and Promotion Services for Performing Arts and Other Live Entertainment","	Jasa Presentasi Dan Promosi Acara Pertunjukan Kesenian Dan Hiburan Langsung Lainnya" 
"	B","	28","	02","	01","	Promotional services and organization of performing arts events","	Jasa promosi dan pengorganisasian acara pertunjukan kesenian" 
"	B","	28","	02","	02","	Production and presentation services for performing arts events","	Jasa produksi dan presentasi acara pertunjukan kesenian" 
"	B","	28","	02","	03","	Facility services for the operation of art events","	Jasa fasilitas untuk operasi acara kesenian" 
"	B","	28","	02","	09","	Arts services and other entertainment performances","	Jasa kesenian dan pertunjukan hiburan lainnya" 
"	B","	28","	03","	00","	Services of Performing Artists And Other Artists","	Jasa Seniman Pertunjukan Dan Seniman Lainnya" 
"	B","	28","	03","	01","	Performing artist services","	Jasa seniman pertunjukan" 
"	B","	28","	03","	02","	Services of writers, modifiers, sculptors and other artists except performing artists","	Jasa penulis, pengubah, pemahat dan seniman lain kecuali seniman pertunjukan" 
"	B","	28","	03","	03","	Original works by writers, modifiers and other artists except performing artists, painters and sculptors","	Karya asli dari penulis, pengubah, dan seniman lain kecuali seniman pertunjukan, pelukis dan pemahat" 
"	B","	28","	04","	00","	Museum Services And Its Maintenance","	Jasa Museum Dan Pemeliharaannya" 
"	B","	28","	04","	01","	Museum services and maintenance of historical places and buildings","	Jasa museum dan pemeliharaan tempat serta bangunan bersejarah" 
"	B","	28","	04","	02","	Botanical gardens, zoos and nature reserves services","	Jasa kebun raya, kebun binatang dan cagar alam" 
"	B","	28","	05","	00","	Sports and Recreational Sports Services","	Jasa Olahraga Dan Olahraga Rekreasi" 
"	B","	28","	05","	01","	Promotion and organizing services for sports and recreational sports","	Jasa promosi dan pengorganisasian kegiatan olah raga dan olah raga rekreasi" 
"	B","	28","	05","	02","	Services for operating sports facilities and recreational sports","	Jasa pengoperasian fasilitas olah raga dan olah raga rekreasi" 
"	B","	28","	05","	09","	Sports services and other recreational sports","	Jasa olah raga dan olah raga rekreasi lainnya" 
"	B","	28","	06","	00","	Athlete Services","	Jasa Atlet" 
"	B","	28","	06","	01","	Athlete services","	Jasa atlet" 
"	B","	28","	06","	02","	Support services related to sports and recreation","	Jasa pendukung yang berhubungan dengan olah raga dan rekreasi" 
"	B","	28","	09","	00","	Other Entertainment And Recreation Services","	Jasa Hiburan Dan Rekreasi Lainnya" 
"	B","	28","	09","	01","	Amusement park services and similar attractions","	Jasa taman hiburan dan atraksi sejenisnya" 
"	B","	28","	09","	02","	Gambling and betting services","	Jasa perjudian dan pertaruhan" 
"	B","	28","	09","	03","	Amusement machine services that use coins/coins","	Jasa mesin hiburan yang menggunakan koin/uang logam" 
"	B","	28","	09","	09","	Other recreation and entertainment services","	Jasa rekreasi dan hiburan lainnya ytdl" 
"	B","	29","	00","	00","	Other Services","	Jasa Lainnya" 
"	B","	29","	01","	00","	Washing, Cleaning And Coloring Services","	Jasa Pencucian, Pembersihan Dan Pewarnaan" 
"	B","	29","	01","	01","	Laundry service/washing machine with coins","	Jasa loundry/mesin cuci dengan koin" 
"	B","	29","	01","	02","	Dry-cleaning/dry cleaning services (including hair products cleaning services)","	Jasa dry-cleaning/pencucian kering (termasuk jasa membersihkan produk kulit berbulu)" 
"	B","	29","	01","	03","	Other textile cleaning services","	Jasa pembersihan barang tekstil lainnya" 
"	B","	29","	01","	04","	Pressing service","	Jasa pengepresan" 
"	B","	29","	01","	05","	Dyeing and coloring services","	Jasa pencelupan dan pewarnaan" 
"	B","	29","	02","	00","	Beauty And Body Care Services","	Jasa Kecantikan Dan Perawatan Tubuh" 
"	B","	29","	02","	01","	Hair styling and cutting services","	Jasa penataan dan pemotongan rambut" 
"	B","	29","	02","	02","	Cosmetic care, hand and nail care/manicure and foot care/pedicure","	Jasa perawatan kosmetik, perawatan tangan dan kuku/manikur dan perawatan kaki/pedikur" 
"	B","	29","	02","	03","	Body care services","	Jasa perawatan tubuh" 
"	B","	29","	02","	09","	Other beauty care services","	Jasa perawatan kecantikan lainnya" 
"	B","	29","	03","	00","	Burial Services, Burial and Funeral Management","	Jasa Penguburan, Pembakaran Mayat Dan Pengurusan Pemakaman" 
"	B","	29","	03","	01","	Cemetery and cremation services","	Jasa kuburan dan pembakaran mayat" 
"	B","	29","	03","	02","	Funeral services","	Jasa pengurusan pemakaman" 
"	B","	29","	09","	00","	Various Other Services","	Aneka Jasa Lainnya" 
"	B","	29","	09","	01","	Escort services","	Jasa pendamping (escort)" 
"	B","	29","	09","	09","	Various other services","	Aneka jasa lainny, ytdl" 
"	B","	30","	00","	00","	Housemaid Services","	Jasa Pembantu Rumah Tangga" 
"	B","	30","	01","	00","	Housemaid Services","	Jasa Pembantu Rumah Tangga" 
"	B","	30","	01","	01","	Housemaid Services","	Jasa Pembantu Rumah Tangga" 
"	B","	31","	00","	00","	Services Provided By Agencies And Organizations Outside The Domestic Territory (Overseas)","	Jasa Yang Disediakan Oleh Badan Dan Organisasi Di Luar Wilayah Dalam Negeri (Luar Negeri)" 
"	B","	31","	01","	00","	Services Provided By Agencies And Organizations Outside The Domestic Territory (Overseas)","	Jasa Yang Disediakan Oleh Badan Dan Organisasi Di Luar Wilayah Dalam Negeri (Luar Negeri)" 
"	B","	31","	01","	01","	Services Provided By Agencies And Organizations Outside The Domestic Territory (Overseas)","	Jasa Yang Disediakan Oleh Badan Dan Organisasi Di Luar Wilayah Dalam Negeri (Luar Negeri)" 
